# Resource object code (Python 3)
# Created by: object code
# Created by: The Resource Compiler for Qt version 5.15.2
# WARNING! All changes made in this file will be lost!

from PySide2 import QtCore

qt_resource_data = b"\
\x00\x00#\x82\
\x89\
PNG\x0d\x0a\x1a\x0a\x00\x00\x00\x0dIHDR\x00\
\x00\x00\xc8\x00\x00\x00\xc8\x08\x06\x00\x00\x00\xadX\xae\x9e\
\x00\x00 \x00IDATx^\xed}\x0b\x98\x1cU\
\x95\xff\xefTwWO\xc8$\x01\x05\x91d\xba:\xef\
\xae\x9e,\xc8\x1b\xe4\x11\x03D@\x94h\xc0\xbf\x80\xca\
*$\x8a\xab\xc0\x8a\x81\xb0\x22\xba\xf8\x17\x17M\x5cP\
\x17\x1f`b\xd4\xf5\xc1*,\x10\xf1\x05B0\x11d\
!\x80\x80\x99\xe9\xce\x93\xae\x1e\x82n\x5c\x162!I\
\xdf\xee\xae\xb3\xdf\x9d\x99\xc4d2Su\xab\x1f3\xdd\
]\xf7~_>\x1e}\xce\xa9s~u~\xb9U\xb7\
\xee=\x87\xa0\xc7\x88!\xb0n\x16L\xe3U\x8cc\xb3\
\xad\x1d%w\x1c\x22\xdc\x1eu#\xed%r\xc7E\x98\
\xdb\xc1\x18\xc7D\xed \x98.\xd3\x0e\x83\xdc^0\xf5\
\x12Qo\xc9-\xef@\x84z\xcd\xb2\xd1Kf\xac\xf7\
\xd5];v\x1c\xbf\x15;G\xcc\xf9\x90^\x88B\x1a\
w]\xc3\xceL\x89\xa7PB\x0a\xc46X\xfe\x93R\
\x00R\x00\x1fZ\xe3\x0b\xefd \x0bB\x16\x8c\xac\xc1\
\xc8\x18\x06g_+\x16\xb3\x9a<\xb5AZ\x13\xa4\x0a\
\x1c{&\xe1\x8d\xdb\x0d\xf3t\x83\xf0V\x00v?\x09\
\xfa\xfe4\xc2\xc8\x138#\x89C\xc0\xd3\x04c\xcd\x8c\
|aS#8\xd6L>h\x82\x04\xb8[\x9b\xa7\xb4\
%E\xd9=\x11\xe0S\x00\x9a\x03\xe0\xe8\x00\xea\xa3.\
J@\x0f3V\xbb\xe0\xc7\x22\xc0S\xa9|\xf1\xa9Q\
w\xaa\xc1\x1d\xd0\x04\xf1\xb8A\x99d\xdb\x14\xc3-\xcf\
q\xc9\x90\xa48\xb9\xd9\x08\xe1\x9b{D\xdb\xc0\xfc8\
\x18OE@O\xcd\xc8\x17\x1e\xf4\xd5\x09\x99\x80&\xc8\
\xa0\x1b\xces\x10\xcdn6\xe73\xe1\x02b\xcc\x07\x10\
\x0fKN0\xf0\x0c\x18\xf7P\x94\xee\xb1\xb7\x14\xb2a\
\x89\xdb+NM\x90\x01t\xba\x93\xd1\xb7\x12\x1b\xf3\x19\
\x98O\xc0\xf4\x90'G\x19\xc0=\xf2O\xca\x11\xf7\x10\
 \xff;\x94#\xd4\x04yn\xd2\x98\x0e3\xe2\xce'\
\xb8\xf3\x01:#\x94\x19\xe0\x1ft\x96\x08\xf7\x18\xe0{\
f\xe4\x8a\xcf\xf8\x8b\xb7\x96D(\x09\xd2\x9d\x8c\x9eB\
\x1c\xb9\x0c\xe0\x8b\x00\x8ck\xad[Z\xbfh\x08x\xc0\
%\xacH\xe7\xc4\x7f\xd6\xef*\x8de9T\x04\xe9N\
\xc4\xcf\x86\xc1\x97\x11\xe3\xe2Q\xb8\x0d\xaf\x83\xb0\x09\x8c\
\x97\x19\xe8%\xc6v\x10og\xd0v\x83h\xbb\xcbn\
/3m\x8f\x18\xb4\x1dL\x05\x90;\xdeuy\x02\x91\
1\x1e\xc4\xe3\xc1\x18\x0f\xd0x\x22\x1e\xcf\x8c\x09Lx\
#\x18\xd3\x09x\xe3\x88\xc7\xc2\xfc(\x11V\xa4\x9c\xe2\
\x0fF\xfc\xda#|\xc1P\x10\xa4;i^`0.\
c\xe0]u\xc6\xf7\x15\x00\x9b\x88\xb0\x91]lb\xf0\
&\x83xc\x99\xccM\x9d\xb9\x9d/\xd7\xe3\xda\xcfN\
\xc6\xc1mnl\x1a3I\xb2L\x83\x81\xe9`\x9aF\
\xe0i\x00&\xd5\xe3\x9a\xfb\xd8\x5cK\xcc+\x0e\xe2\xe2\
\x8aD\x0fv\xd5\xf9Z\xa3b\xbe\xa5\x09\x92\xb5b\x7f\
\xcf\x8c\xcb@}\xdf,\xea1\xb6\x02X\x05\xe2G\x80\
\xc8*;\xb7{K=.R\xa9\xcd-\x93q\xf0n\
6\xcf\x84\xcbg\x1aDg0\xd0Y\xa9-\x1f=\xb9\
\xe2\xf5\xdd\x88\x10+f\xfc\x19\xdb\xeat\x8dQ1\xdb\
\x92\x04\xc9X\xe6\xff\x03\xb0\x18\xc0\xf15F\xf5\x15b\
<\xcaDk\x18\xee\x9a\xb4S|\xba\xc6\xf6\xebjn\
]G|z\x84\xdc\xd3a\xd0\xe9\xc4\x98\xcdr\xc6\xa9\
\xedx\x09D_\xb3s\x85\xa5\xb55;z\xd6Z\x8a\
 \x1b;\xe2\xd3K\x11\xbe\x01r\xd6\xa8\xddx\x19\xa0\
\x95.a\xe5\xc1\xc5\xc2\xa3\x13[h\x83\xe0\x86\xc9\xb1\
\x93\xcbL\xef\x02\xe3\xdd\x00\xfe\xaeV\x90\x11h\x8d\x0b\
,I;\x85\x07jes\xb4\xec\xb4\x0cA\xd6[\xf1\
\xab\xca\xe0\x1b\x08xs\x0d\xc0,2\xb0\xd2\x00\xdf\xdf\
\x1b-\xae<~3^\xab\x81\xcd\x866\xd1\x95\x8c\x9f\
g0\xe6\x01<\x0f\xc0\x11\xb5p\x96AwF@_\
\x9e\xe9\xec\xde\x5c\x0b{\xa3a\xa3\xe9\x09\xb2.\x11=\
=\x02\xe3\xd3 \xbc\xa3j\x00\xe5\xea\x0c\x8c\x95Dt\
\x7f3\xdf\xd4jpX;\x15\x13\xc6\x95b\xf3\x5c\xd0\
\xbb\x09\x920\x88Uc\x0f\x80\x9c\x81\xbfl;\x85\xaf\
UigT\xd4\x9b\x96 \xeb\x0eC\xbb1\xc6\x943\
\xc6\xa7\xabD\xae\x08\xd0rr\xdd\x15\xa9\x9e\xe2\x93U\
\xdaj)\xf5\xf5V\xdbT\x86\xfbAf,\x00\xc1\xaa\
.8~\x98\xd9X\x92n\xb2\xfd^MI\x90\x0d\x89\
\xf8\xd9.\xf1\x97\x188\xa6\x8a\x9b\xb6\x03\xe0\xe5\xec\xd2\
\xf2t\x8fx\xa1\x0a;-\xaf\x9a\x9d\x88C9j.\
``a\x0d\xb6\xe1,\xb5\x1d!\x17P\x9ab4\x1d\
A2\x96)\xc1\xfdr\x15\xe8\xcao\x15\xcb\xb8L\xcb\
\xd3/\x15\xd6Wa't\xaa\x99\x14\xc6\xb9;\xe3\x0b\
#\xc4\x92,\xb3*\x05\x80\x80_\xc2\xc0\xa2\xd4\x8b\x22\
S\xa9\x8d\x91\xd2k\x1a\x82l\x984\xa6\xc3\x8d\x96\x97\
0\xe3\x92\x0a\xc1y\x19\x8c\xe5f\xd4X6u\xcb\xee\
\x5c\x856\xb4\x1a\x80\x0d\xd3\x11w\x0b\xb1\x05L\xb4\x00\
\xc0\xb1\x15\x82\x92c\xc2\xa2tN\xc8M\x91\x0d;\x9a\
\x82 \xeb\xad\xf8\xbb\x18\xbc\x84\x81t%H\x12\xf3\xed\
\x91rt\xc9\xf4\xad\xbb\xf2\x95\xe8k\x9d\xe1\x11\xe8\x9f\
\xd1\xe9\xbaJ\x8f\x13\x13\xf0\xcf)G\xfc\xffF\xc5\xb8\
\xe1\x09\x92I\x9a7\x82\xf1\x85J\x00$\xf0Ce\x18\
K;\x9d\xc2C\x95\xe8k\x1d5\x04\xfa\xcf\xe0\xf3b\
\x10.W\xd38@\xea\xa7\x85rd\xd1[^\xda\xd5\
S\xa1~\xdd\xd4\x1a\x96 r\x05\xc5\x85\xbb\x04\xc0\x85\
\x15D\x9fg\xa2%\xe9\x5c\xe1\xf6\x0at\xb5J\x85\x08\
d\x12\xf1y \xb9\x83\x81O\x0dj\x82\x80u.\xd3\
\xa2t\xbe\xf0\x9b\xa0\xba\xf5\x94oH\x82twD\xe7\
\x10\x19w\x8003h\xf0\xfaq*(b\xb5\x97\xaf\
\xe6\xb1\x8b\xc1W\xa4\x9d\xe2\x9d\xb5\xf7\xaa2\x8b\x0dG\
\x90\xf5\x09\xf3\x12\x97pG\xd0s\x1a\xccx\x82\x89>\
\xa7\x1f\xa7*K\x84Zk\xf5=v\x95\xf9F\x00\x1f\
\x0cj\x9b\x81\xcf\xa7\x1dqSP\xbdz\xc87\x14A\
\xba\x13\xf1ED\xfc\x95\xc0\x81\x12V\xc4\x22\xe2\x9ai\
!\xd8\x12\x12\x18\x9bQV\xc8&\xcc\x1b\x98\xf0\xc5\xa0\
n\x10\xe8\xce\x94S\xb8\x22\xa8^\xad\xe5\x1b\x86 \x19\
\xcb\x94\xdf6\x82\x7f@\x22Z\xdcJ\xbbGk}\x83\
\x1b\xc1\x9e<\x8fC\x8c[\x01$\x03\xfa\xf3s\xdb\x11\
r\xbb\xcb\xa8\x8d\x86 H&\x11_\x06b\xb9\xa6\xae\
<\x08\xd8H\xa0kf\xb6\xc0\x8eQ\xe5\xa0\x9bXp\
}\xd2L\xbb\x8c\xdb\x00\x9c\x130\x8c\xa7mG\xd4\xfa\
\xd8\x82\xb2\x0b\xa3N\x90L\xd2\xbc\x17\x8c\xf7({\xdc\
/\xf8\xf3\xb2K\x9f\x9a\xd5S\xd8\x18PO\x8b\x8f2\
\x02\x19+v\x1b@\x9f\x0c\xe8\xc6V\xdb\x11\xf5>\x1d\
9\xa4K\xa3J\x90\xac\x15{\x90Ao\x0f\x08VS\
\xed\xe5\x09\x18[(\xc4\xbb\xad\xd8G\x09\xf4M\x00\x91\
 \x01\xdb\x8e\x18\xf1|\x1d\xf1\x0b\xee\x01$\x9b\x88\xfd\
\x1b\x13]\x19\x04 \xe8\xf7\x8d@p5\xb2p\xb7\x15\
?\x9f\xc0\xdf\x07pH\x00?\xb3\xb6#d\x0d\xe4\x11\
\x1b\xa3B\x90\xeed\xfcJb\xfe\xb7@Q2\xff\x83\
\x9d/~;\x90\x8e\x16nh\x04\xe4\xf7.\x90\xf1}\
\x0a\xb6\x95~\xa5\xed\x08y\x02rD\xc6\x88\x13$\x9b\
0/b\xc2]\x01\xa2+\xbb\x8c\xf7v\xe6\xc5}\x01\
t\xb4h\x93 \xb0\xe1\xcd8\xacl\x9a\x8f\x04<\xf2\
\xbb\xc4v\xc4\xf5#\x11\xe2\x88\x12\xa4+\x19\x7f\xa7\xc1\
\x1c\xe4\x9c\xf2\xff\xba.\x9d\xd4\xd9S\xd80\x12`\xe8\
k\x8c\x1e\x02\x19\xcb|\x1c\xe8k#\xa1:\xae\xb7\x1d\
!\xb7\x22\xd5u\x8c\x18A\xd6'\xa2\xb3]2~\xa7\
\x1a\x0d3\x9ct^\x04]7W5\xaf\xe5\x1a\x10\x81\
\x8ce\xfe\x14\x80\xacH\xa34\x88\xf9\x13\xa9|Q\xbe\
\xec\xd7m\x8c\x08A\xba\x92\xb1c\x0d&\xf9\x88\x94P\
\x89\x84A\xab\xd3N\xe1m*\xb2Z\xa6\xb5\x10\xe8\xb6\
\xcc\x9b\xe4\x16x\xd5\xa8\x08\xfc\xf7)\xa7\xf8\xef\xaa\xf2\
A\xe5\xeaN\x90\xae\xe4AG\x18(\xfd\x1a\x8c\xa3\x14\
\x9d[k;\xe2\x04EY-\xd6\x82\x08d,S>\
:]\xa7\x1a\x1a3\x9d[\xaf]\xc0u'H6i\
\xfeX\xf5\x14 \x01])GT|\x94S\x15P-\
\xd7\xf8\x08d\x13\xb1\xdb\x99\xe8\x13*\x9e\xca\xad\xf2\xbb\
\xcb\x91s\xebq\x9e\xa4\xae\x04\xc9$\xcc\xcf\x80p\xb3\
J\x90\x00r\x11S\x1c5c#\xb6+\xcak\xb1\x16\
G\xa0\xdb2W\x10\xf0a\xc50\x7fj;BV\xeb\
\xaf\xe9\xa8\x1bA\xb2\x09\xf3=L\xb8W\xc9[\xa2m\
\x11\x17o\xd5M&\x95\xd0\x0a\x95P\xc62\xff\x03\xc0\
\xfbT\x82\xae\xc7\xf1\xdd\xba\x10\xa4\xab#>\xc30\xf8\
\xd7\x00\xa6\xfa\x05\xc6\xc0N\x90;7\x9d+\xfd\xc1O\
V\xff\x1e>\x04d\xfd\xb3\xc8\x98\xd8\xfd\x00\x9d\xa9\x12\
=\x13\xde[\xcbB\x10u!H\xc62W\x028_\
% 0\xbd\xdb\xce\x17\xa4\xbc\x1e\x1a\x81!\x11x\xde\
j\x9b\x1a\x83{?\xa9\xd5\x0f\xce\x91\x81skUR\
\xa8\xe6\x04\xc9Z\xe6-\x0c\xfc\x93\xca\xbdf\xe0\x86\xb4\
#nQ\x91\xd52\xe1F@6?\x22b\xa5\xf3\xea\
\xb2\xeeV\xca\x11\xef\xac\x05b5%H\xc62\xe5\xf1\
J\xa55i\x22\xdc\x9b\xca\x89\x0bj\x11\x84\xb6\x11\x0e\
\x04\xba\x93\xf1k\x89Y\xb5\xb5BMv}\xd7\x8c \
\x03{j\xd6\x00H)\xdc\xae\x97\xc8\xc0\xdcZM\x83\
\x0a\xd7\xd3\x22-\x82@\xc62e\xdb\xb7KU\xc2a\
\xa6s\xaa\xad\x05\x5c3\x82d\x12\xe6R\x10\xaeUq\
\x9c\xc0\x1f\x0aC\x7f;\x15,\xb4L0\x046O\x19\
{\xb8p\x8b\x0f\xaa}x\xe6\x87m\xa787\xd8\x15\
\xf6\x97\xae\x09A\x82\xec\xb3b\xe6o\xa4\xf3\xc5`\xe7\
@\xaa\x89P\xeb\xb6\x1c\x02A\xdeG\xe4\xe9\xc5jZ\
/\xd4\x84 \x19\xcb\xfc\x05\x80\xf3\xfc\xee\x04\x01O\xf2\
\x181\xd7\xce\xa2\xd7OV\xff\xae\x11\xf0B \xc0\xfb\
\xc8\xcb\x06\x8c\xd3*\xed\xf7R5A2\x89\xd8\xc7@\
\xf4-\x95\xdbI0\xe6\xa6\x9c\xdd\x0f\xab\xc8j\x19\x8d\
\x80\x1f\x02\xaa\xef#\xb2\xd3U\xba\xc2\x12BU\x11$\
\xdb1f\x12\x1be\xf9b>\xc5/\x18\x00#v\xc8\
E\xc1\x17-\xd2\x02\x08\xf4\x17\xa7\xc3\xefU\x0ag3\
\xe8\xfcJz&VE\x90\x8c\x15\xfb\x1a@W+`\
\x9d\xa5\x928-\xb5\x15\x7fU\x90\xd5\x22\x1a\x01e\x04\
T\xfb\xc5\xc8\xc6\xa2)\xa70[\xd9\xf0\x80`\xc5\x04\
Yo\xb5\xcdu\xe1\xaaUM'^`\xe7\x8a\xdf\x0d\
\xea\x9c\x96\xd7\x08\xa8 \x90\xb1\xe2r\x16\xf1/\x98]\
A\xd1\x8f\x8a\x09\x92\xb1Ly\x00J\xe5\xf0\xfc\x88\x1e\
\xb2W\x01T\xcb\xb4\x16\x02\xfdU\xe5\xf9~\x85\xa8^\
\x8a\x08q\xcc\x8c?c\x9b\x82l\x9fHE\x04\xc9Z\
mg1\xdc\xdf\xaa]\xc4=\xcdvJ\x8f\xa9\xc9j\
)\x8d@e\x08d\x12\xe6r\xc5\xfe$\x81\xce\xb2W\
D\x90\x8ce\xfe\x10\xc0\x07\x14B\xd1/\xe6\x0a i\
\x91\xea\x11\x08\xf0\xc2\x9e\x1d\xeb\x8ac\x12=\xd8\xa5r\
\xd5\xc0\x04Y\xd7\x11;)b\xd0\x13\x0a\xc6\xf5\x8b\xb9\
\x02HZ\xa4v\x08(\xbf\xb0\x07(\xf6\x10\x98 \x19\
+\xfem\x80}\xcb\xd23\xf8ci\xa7(\xfb|\xe8\
\xa1\x11\x181\x042\x96\xf9\xb4BcQ\xe5\xba\x07\x81\
\x08\xb2\xc12;\xcb\xc0\xb3\x00L\xcf\x88\x09\xcf\xa7r\
\xe2X\x02\xca#\x86\x8c\xbe\x90F\x00@6\x11\xfb8\
\x13}\xc3\x0f\x0c\xd5\xfd\x80\x81\x08\xd2\x9d\x88}\x85\x88\
\x16\xf9]\xdc\x00]=\xd3)\x04+-\xeagT\xff\
\xae\x11P@\xa0\xafE\xb50\x9f\xf6\xed\xe3\xce\xfc\xa8\
\x9d/\x9e\xe1gR\x99 \x9b\xa6\xb6Y\xc5\x92+g\
\x8f7\xf8\x18\xcd\xec(\x89\xe3\x8e\xdf\x8a\x9d~\x17\xd7\
\xbfk\x04\xea\x81@W\x22~\x8dA,\x1b\xf6x\x0e\
&\x5c\x98\xce\x89\xff\xf4\x12R&\x88jA/&\xba\
.\x9d+\x04o\xa3\xe6\x17\x8d\xfe]#\xa0\x88@&\
\x85q\xbc\xcb|\x86\x80\xe9>\xc9\xff@\xca\x11\x9eG\
\xc3\x95\x09\xa2\xf8\xf2\xb3E@\x1cw\x94\x83\xffU\x8c\
E\x8bi\x04\xea\x82@\xc62eq\xeb/\xf9\x19\x8f\
\x10\x1f7#W|f89%\x82(\x7f\x18d\xdc\
h\xe7E\xe0\x86\x8d~A\xe8\xdf5\x02A\x11\xc8N\
\xc4\xa1\x1c1\x9f\x86Ok\x05\x22\xfcK*'>S\
\x15A\x147%n5#\xb1c\xa7ny\xfd/A\
\x83\xd1\xf2\x1a\x81z \x90\xb5\xcc\xcf\xc9\x96\xd2>\xb6\
\xb3\xb2\x9a\xe7p+\xae\xbe3\x88\x5c\x15(\x0b3\x03\
`\xb2\xf7\x1b\x0f\xbeb\xe7\x85r=\xd5z\x00R\x0b\
\x9b\xeb,\xb33J|93\xc9\x9d\x9f\xb1Z\xd8l\
\x16\x1b\x0c\x98\x06\xf04\x88\xeeJ\xe5\x0a\xbfl\x16\xbf\
\x87\xf3s\xbd\xd56\xd5\x85+s\xd7\xef>^d;\
BV\x96?`\xf8\x12$c\x99\xb2\x1c\xfd\x90\xca\xfb\
Z+\xbb|\xf2\xac\x9e\xe2\x7f53\xa8\x99d\xecr\
0-o\xe6\x18j\xe6;a\x85\x9d\x13\x97\xd7\xcc\xde\
(\x19\xea\xb6\xcc\xbb\x09\xb8\xd0\xe7\xf2\xc3\x96-U!\
\x88,\xe3#\xcb\xf9x\x8d\xdf\xd8\x8e8w\x940\xa8\
\xc9e\x19\xa0\xace\xba51\xd6\x22F\x5c\xd0\xd9\x9d\
NA\xedHC\x83\xc6\x9c\xb5b\x972HVB\xf1\
\x1aeDh\x96\xbd\xa5\x90\x1d,\xe4I\x90\x17\x93\x07\
\x1dQ\xe0R\x86\x81\xf1^\xd6\x89\xf8#\xa9\x5cqY\
\x83b\xa4\xe4Vw\xd2\xbc\x90\x18w+\x09\x87F\x88\
\x96\xd9N\xe1#\xcd\x1c\xee\xda\xa9\x98\xd0^2\xbb\x01\
\x1c\xe1\x15\x073>\x93\xce\x8b\x7f\x09D\x90\xf5V\xec\
\x0a\x17\xe4\xd78sk\xdc\x10\xb3\xa6\xbc\x88W\x9b\x19\
\xc8\xee\x84y\x03\x11\xf4\x0a\xdc\xfe7Qy\xcfR#\
\xdf{\x95\xfd\x83\x0c<\x93v\xc4q\x81\x08\x92\xb5\xcc\
_\xb0o\xb5\x12\xfe\xba\xed\x14\xff\xb1\x91\x01R\xf1M\
\x13d(\x94\xe81\xdb)\x9c\xa6\x82_#\xcbt%\
\xe3\xe7\x19\xcc\xb2\xf2\x8e\xe7\x18\xaa\x11\xcf\xb0\x8fX\xeb\
:\xf0\x86\x88a:\x00\xc6z>^\xb1;;\x95/\
\xc9\xc2\x0dM=4AZ\x97 2\xb2\x8ce\xbe\xe0\
\xd7Iw\xa8\xf6\x09\xc3\x12D\xad\xbf\x07\xaf\xb2\x9d\xa2\
RY\xfaFg\x8f&H\x8b\x13$i\xde\x0c\xc6\xb0\
\x1f\x04e\xf4C\x15\xbd\x1e\x9e \xc9\xd8\xbf2\xd3\xa7\
\xbcg\x0fZ\x94\xca\x17|7\x855:9\xa4\x7f\x9a\
 \xadM\x90\x0d\x93c'\x97]\xf2\xecA\xc3\xc0+\
iG\xbcq_$\x86%H\xc62\x9f\x04\xe0\xd9L\
\xd3`\xf7m3\xf3\xa5\xd5\xcd@\x00?\x1f5AZ\
\x9b \x03\x8fY/\x02\xf0i-\xbe\x7f\x0d\x85!\x09\
\xd2\xd7\x99\x96K[}\x92\xea\xd5\x97\x1dq\xd8\x19@\
\xc9/\xf9\x9a\xe1wM\x90\xd6'\x88bC\xd9\xfd\x8a\
:\x0cI\x90\xee\xa4\xf9~b\xfc\xc8\xf3\xf1\x0a\xfcP\
\xca)\x9e\xdd\x0c\xc9\xaf\xe2\xa3&H\x18\x08\x12\xbf\x92\
\x99\xbd\x0f\xf2\x11\xee\xb3sb\xfe\x1e4\x86$H\xd6\
\x8a\x7f\x87\xc1\x0b\xbd\x09\x82[R\x8e\xb8A%\xf9\x9a\
AF\x13\xa4\xf5\x09\xf2B\xd2L\xc7\x18]>\xf9\xf8\
\xb2\xed\x88\x89\x9e\x04\xc9X\xe6F\x00\xd3<\x09Bt\
^*W\xf8U3$\xbf\x8a\x8f\x9a \xadO\x90\x81\
\xf7\x90\xf5\x00fx\xe6D\x84\xec=\xdbN\x0e\x98A\
\xba\xa6\xb4%\x8d\xb2+_f<Gy\x97\x187k\
\x1bv\xf8\xc95\xcb\xef\x9a \xe1 H6\x11_\xc6\
\xc4\x0b<\xf3r\x9fR\xb9\x07\x10d}\xd2\xbc\xd0\xf5\
\xd9\x934\xdcg\xf9f!\xc3P~j\x82\x84\x85 \
\xe6EL\xb8\xcb\xf3\xe9\x88\xf9\xf6T\xbex\x95\x949\
\x80 \x99\x84\xf9\x19\x10n\xf6Nv\xfe\xaa\xed\x14\xaf\
ifB\x0c\xf6]\x13$\x1c\x04\xc9Y8d\x17\xcc\
W\xbc\xdf\xaf\xff\xb6\x00u A\x14\x9a$2\xf3e\
\xe9|\xf1{\x9a \xad\x84@8\x082\xf0\x1e\xd2\x03\
`\x92\xc7\xdd\xcb\xdb\x8e\xb0\x86\x9eA,S\x1ez:\
\xd1g\x0a:1\x95/>\xd5J\xe9\xa1g\x90\xf0\x10\
\xa4\xdb\x8a\xff\x8e\xc0\x9e\xbdBv\x94\xc4XY\xba\xea\
\x80\x19$k\x99\xaf20\xc1+\xf9\x0b\x05\xd1\xfe\x96\
\xbf\xe0uM\x90VB D\x04I\x9a\xdf%\xc6e\
^w/B|\xec\x8c\x5c\xf1\xd9\xfd\x08\xa2\xf8\x05\xfd\
E\xdb\x11*-\xd7\x9a*{\xf4\x0c\x12\x22\x82(\x9c\
\xfd!\xc6%\xa9\xbc\xb8k?\x82twD\xe7\x90a\
\xac\xf2\xc9\xec_\xda\x8exgSe\xbf\x82\xb3\x9a \
\xe1!HW\xc2\xbc\xc8\xf0Y\xc9\x92\xd5P\xd2\x8e\xb8\
i\x7f\x82X\xb1+\xc8\xff\x04\xe1R\xdb\x11\x8b\x15r\
\xae\xa9D4A\xc2C\x90n+v\x1c\x81\xd6z%\
\xa8\x5c\x0aN\xe7\xc4%\xfb\x13$\x19\xbb\x95\x98<\x97\
o[q\x05K\x02\xa5\x09\x12\x1e\x82<;\x19\x07\x8f\
qM\xcf\xea\x9f\x0c<\x9bv\xfa:\x14\xfcm\xa8\x1c\
\xb1%\xe6\x96[\xc1\xd2\x04\x19\xee\xef\xd2\xd68r;\
Tt\xdd\x96\xf9W\x02\xf6;\xfb1Hn\xa7\xed\x88\
\xb1\xfb\x11$\xa3\xb0\xc4\xdb\x8a+X\x9a !$H\
\xd2|\x82\x18'y=f\xc9\xa5\xde\xc1\x04\x91;\x1d\
\xd3\x1eJ\xaf\xdb\x8eho\xaa\x97\x0bEg\xf5#V\
x\x1e\xb1d\xa4\x19\xcb\x94E\x1c\xce\xf3J\x8fh\xcc\
<|\xf0#\x96\xc3@\xc2Ci\xbf\xad\xc0\x8a\xb9\xd7\
\x14b\x9a \xe1\x22\x88\xca\xe1\xa9\x08\xd3\xf4\xc13\x88\
|q9\xd8#\xa3\xb3\xb6#\xec\xa6\xc8\xf8\x80Nj\
\x82\x84\x8b *\xb5\xb2\xca\x06\x1f3\x98 \xf2\xf8l\
\xc4#\xb7\x9e\xb2\x1d\xe1\xb9\x0d%`^6\x8c\xb8&\
H\xd8\x08b.\x01\xe0Yl\xbd\xcc\xee\xec\xbd\x04Y\
;\x11\x07\xb5GM\x9f\xed#\xfc\xb0\xed\x14\xe76L\
V\xd7\xd0\x11M\x90\x90\x11$i\xde\x08\xc6\x17\xbcR\
\x88\x88\xce\xdbK\x90\x8d\xd3\xda\xdfT*\x0a\xcf\xde\x1e\
\xcc\xb87\x9d\x17\x17\xd40/\x1b\xc6\x94&H\xc8\x08\
b\xc5\xaf\x06\xf8k>\x09x\xd1^\x82lH\xc4\xa7\
\x95\x89\xe5Q\xdba\x07\x01\xdfK9\xc2s\x93W\xc3\
d|@G4A\xc2E\x90\xeeD\xec\xc3D\xb4\xc2\
3M\x88\x17\xee%\xc8\xba\xc9\xb1\xa3#.\xc9.\xb6\
\x1e\xa35\xea\xf0\x0e\x15\xa0&H\xb8\x08\x92M\x9a\xf3\
\x99\xe1\xd9\xe1\xd6\x05]\xf37\x82$\xa2\xa7G\xc8\xf0\
.\x02\xc7\xb8\xd9\xce\x8b\xcf\x06\xfc\xcb\xb9)\xc45A\
BF\x10\xab\xed,\x86\xfb[\xef\x19\x04\x9f\xddK\x90\
lG\xecD6\xc8\xafCTKnT\x94 i\x82\
\x84\x8c \xc9\xf8y\xec_\xf1\xfd\xfa\xbd\x04Y\x9f4\
\xd3\xaeO\xcd \x06\xdd\x91v\x0a\x1fk\x8a)!\xa0\
\x93\x9a \xe1\x22HW\xc2\xbc\xd8 \xfc\xc4\xfb\x8d\x82\
?\xbe\x97 /L\x1c\x93\x88E\xcb\xb2\xdd\xc1\xf0\x83\
\xf1c;/>\x100\xf7\x9aB\x5c\x13$\x5c\x04\xe9\
\xb6b\x1f%\xd0\x1d>\xc9y\xe9^\x82\xa8l\x01&\
\xe0\x81\x94#\xceo\x8a\x8c\x0f\xe8\xa4&H\xb8\x08\x92\
M\xc6\x171\xf3W\xbc\xd2\xc4e\xcc\xdfK\x10\x06\x22\
Y\xcb\xf4,D\xcd\xa0\xd5i\xa7\xf0\xb6\x80\xb9\xd7\x14\
\xe2\x9a \xe1\x22H\xb7e~\x9e\x80\xcfy%'\xc1\
\x98;x\xab\x89\xfc\x92~\x90\x87\xd2\x1fmG\x1c\xd3\
\x14\x19\x1f\xd0IM\x90p\x11$c\xc5n\x03\xe8\x93\
\x9e\x04q\xf9\xa4A\x04\x89\xfd\x05\xa07y(m\xb6\
\x1d\xe1Y\xb37`^6\x8c\xb8&H\xc8\x08\x920\
\x97\x83\xe0\xd9\x07\xde t\x0e\x9eA\xbc\x8bV\x13m\
\xb3s\x05/\x025L\xc2\x07uD\x13$\x5c\x04\xe9\
\xb6\xcc\x9f\x11\xf0^\xaf<)\x96\x22\xd6`\x82\xc8/\
\xe9G{(\x15lG\xb4\x05M\xbef\x90\xd7\x04\x09\
\x17A2\x96\xf9k\x00\xe7x\xe5\xe6.C\x1c2\xe8\
\xc0T|5\x83O\xf7R\x92\xa7\xac\xa6o\xda\xf1\xdf\
\xcd\x90\xf4A|\xd4\x04\x09\x19A\x92\xe6s`\x1c\xe5\
\x95#)GD\x07\xcf \xff\x0e\xe0\x83\x9e\x89E\xc6\
Yvn\xf7#A\x92\xaf\x19d5ABF\x10\xcb\
\xdc\x09`\xccp\xb9I@>\xe5\x88A\x8fX\x0a{\
\xe4\x0d\xd0\xd53\x9d\x82w\x1b\xabf`\xc4 \x1f5\
A\xc2C\x90l\xc7\x98Il\x94e\x01k\x8f\xd1\x7f\
\xf6i\xf0\x0c\xf2>\x00\xff\xe1\xb9\xf4\x05\xba3\xe5\x14\
\xaehB\x0ex\xba\xac\x09\x12\x1e\x82(U\x10%\xfa\
\x96\x9d+\xfcm\xab\x89\x84Gm\xcb;\x1e\xb7\x1dq\
\xaa&H\xab!\x10\x1e\x82d\x93\xb1\x85\xcc\xf4\x1d\xaf\
;(\xb7\xbaw:\x85\xaf\xee7\x83\xa8\x1c\xbb%\xe0\
\xb5\x94#\xbc\x0a;4e\xe6\xe8\x19$<\x04\xc9X\
\xe6\x97\x01x\x96\xcf\x95\xc7me\x0f\xce\xa1\xda\x1f\xf8\
\x95\xfeA\xb4\x14\xb1\xa6o\xdd\x95oJ&\x0c\xe3\xb4\
&Hx\x08\x92M\x98\xf70\xc1\xf3\xe8\xb8,\xf93\
#_\xd84D\x87\xa9\xd8o\x01:\xcb\xf3=\xa4\xc5\
:\xdc\xcaX5A\xc2C\x90\x8c\xff\x12o\xd9vD\
T\x22r A\x92\xf1o\x82\xf9\x1f\xbc\x97zi\xb1\
\x9d+,\xd53H+!\x10\x22\x82\xf8,\xf1\xca\xbf\
/mGt\x0eI\x90.+\xfeI\x03|\x9b\xcf\xad\
\xff\x99\xed\x08\xb9\xe2\xd52C\xcf \xe1 \x88\xd2B\
\x14\xe1>;'\xe6\x0fI\x90l2\xfe\x0ef\xfe\xa5\
O\xe6\xf7\xd8\x8e\xf0*Q\xdat\xc4\xd1\x04\x09\x07A\
\x14'\x80%\xb6#\xae\x1f\x92 \xeb\x0eC{d\x8c\
\xd9\xeb\x97\xe1\x02\xc6\xb4\xa3\x9c\xdd\x9b\xfd\xe4\x9a\xe5w\
M\x90p\x10$\x934\xef\x05\xe3=\x9eK\xbc\x8c\xf9\
\x9dyq\xdf\x90\x04\x91\xff3c\xc5\xd7\x00|\x9a\xe7\
\x8b:\xe3\xe2T^x~Tl\x16r\xe8\x97\xf4\xe1\
\xeeT\xeb\xf5\x07\xc9X}\x8ds<?S\xb4\x97\xc5\
\xa1\x1d/\xe1\x7f\x86'\x88\xc2\x96\x13&\xbe-\x9d+\
~\xaa\x99H\xe0\xe5\xab\x9eAZ\x7f\x06\xe9NFO\
!6\x1e\xf3\xc9\xd9\xfd\x0e\x05\x1e\xb0\x8a\xd5?\x83D\
O\x05\x8c\xdf\xfb\x18\xfa\x83\xed\x88S4AZ\x05\x81\
\xd6'H\xc62\xe5\xc7A\xf9\x91\xd0c\xf0Wm\xa7\
\xb8\xb7\x0d\xe1\x90\x04\xe9'\x89)\xa7\x987x>f\
\x95\xc4a\xa9\xad\xf8k+\xa4\x88\x9eABA\x90\xfb\
\x01\xcc\xf3\xc9\xd7\xf7\xd9\x8e\xf8\xd9\x1e\x99a\x09\xa2\xd2\
`\x84\x88\xde\x99\xca\x15\xfcV\xbc\x9a\x82?\x9a \xad\
M\x90\x81\xc5'\xb9\xfb\xc3\xf3\xfd\xc3\x8c\x18\x93\xa7n\
\xd9\x9d\xf3%HW2\xfe\x09\x83\xf9v\xcf\x19\x04\xb8\
)\xe5\x88\xcf7\x05\x03|\x9c\xd4\x04im\x82t%\
\xe3\xe7\x19\xfe\x95\x14\x0f(J2\xfc\x0c2%\xf6\x16\
.\xd3\x1f=\x9f\xd6\x06Z\xe5j\x82\xb4\x02\x02\xadM\
\x10\x95\x8eR\x00}\xdbv\x0a\xfb\xed\x22\x19\x96 \x12\
\xae\xace\xaec\xa0\xef\x93\xfbp\xc3\x05\x9d\xdd\xe9\x14\
\x1ej\xf6\x14\xd13H\xeb\x12d\xedTLh/\x99\
\xdd\x00\x8e\xf0\xcaS\x83\xf9\xf2\x99\xf9\xe2~-\x11\xbc\
\x09\x92\x8c\xdd\xcaL{\xdf\xe8\x87\x84\x90\xf9\xf6T\xbe\
x\x95&H\xb3#\xd0\xba\x04\xc9Z\xb1K\x19\xf4\x03\
\x9f;\xb4\x0bd\xcc\xb2s\xbb\xb7\xec+\xe7I\x90\x0d\
\x93\xdb\xe6\x94]w\x95\x8f\xe1\xfc\x8e\x92\xb0\x8f\xdf\x0a\
y\xc6\xb7i\x87J)\xca\xa6\x0d\xaeb\xc7y\x95\xed\
\x14\xcf\xacX\xbdA\x14\xbb-\xf3n\x02.\xf4q\xe7\
\x87\xb6#.\x1d,\xe3I\x90\x81\xc7\xac'\x198\xc1\
\xcb81.I\xe5\xc5]\x0d\x82GEntM\x8e\
\x9dl\xb8\xf4\x87\x8a\x94[T\x89\x81\x9b\xd2M\xbe\x08\
\xb3\xdej\x9b\xea\xc2\xcd\x00\x88\xf9\xe4\xf0\xfc\xd4\xc0\xf6\
\x12\xe5\x19D\x0af\x94\xbe\xaa\xe3\xaetN\x5c\xd2\xec\
y\x92\xb1\xe2\xbf\x07\xb8\xe5\x8e\x13Wz_\xc8\x8dt\
\xa4zv\xbdT\xa9~#\xe8e\x13\xf1k\x98\xf8V\
/_\x18\xf8S\xda\x11G\x0e\xf9\x90\xe9\x17D\xa6\xc3\
<\x0a\x06\x9e\xf3\x91\xdb\x19-E\xecf?e\xd8=\
)>\x93\x22X\x06\x9f\xda`~\x98\xb5\xc0\xef\xaf1\
aA:'\xeei\xf6X2\x89\xd8*\x10\xcd\xf1!\
\xc8\xe7\xd3\x8e\xb8\xa9\x22\x82\xf4\xcd\x22\x0aU\xe8\x98\xe8\
\xaat\xae\xe0\xf9\xdd\xa4Y\xc0\xde\x90\x8c\x1d\xe3\xc28\
\xa5\xcc\xde\xd3r\xb3\xc4\x13\xc4Obt\xa5\xf3\x85\x07\
\x83\xe84\xaa\xacb\xd74D\x19GN\xcf\x8b?U\
L\x90l2\xfeqf\xfe\x86\x0f\x0b\x9f\xb5\x1dq\x02\
\x01\xe5F\x05L\xfb\x15.\x042V\xfc[\x00{w\
D\xdb\xe7pT\xc5\x04\xd90iLG9R\x96/\
:c=I\xd2B\xb3H\xb8R\xa9\xf5\xa2\xed\xee0\
\x8f$\x03O\xfb\xbd\x9c\x03\xb8\xd4v\xc4\x0f\x87C\xc0\
w\x15k\x8f\xa2\xd2\xde,`]oI\x9c\xd8\xecK\
\xbe\xad\x97.\xe1\x8b(c\xc5\xbe\x0a\xd0?\xfaD\xbe\
e\xac+f%z\xb0\xabj\x82d\x12\xf1y \x96\
\xbb!=\x071-J\xe5\x0b\x9e\xab\x06~6\xf4\xef\
\x1a\x81j\x10\xe8_la9{\xb4{'+\xbeh\
\xe7\xc4\x8d^2\xca3H\xdf\xcbz\xd2\xfc\x15\x18\xe7\
\xfa\x18\xdch\x1a\xe2\x84)/\xe2\xd5j\x82\xd4\xba\x1a\
\x81J\x11P)\x0c\xc7\xc0Nv\xe9\xe8\xce\x9e\xc2\x86\
\xda\x11\xc42e\xc3\x91\xbd{\xe5\x873\xcc\xc0\x0di\
G\xdcRi\x80ZO#P)\x02\x9b\xa7\xb4%E\
\xd9}\xc6\xef,\x13\x06j\xef\xfa]'\xd0\x0c\xd27\
\x8bX\xb1\x87\x01\xf2\xdb~\x90/Fb'\x1c\xb9\xe5\
\xf5\xbf\xf89\xa0\x7f\xd7\x08\xd4\x12\x81L\xc2\xfc\x02\x08\
\x9e\x8fM\xf2ze\x97O\x9e\xd5S\xfc/\xbfk\x07\
&\xc8\xfa\xc9\xe6%\xae\x8b\x1f+\x18n\x99\xb3\x22~\
\xb1\xea\xdf\x1b\x03\x81MS\xdb\xacb\xc9}\xc2o\xd7\
\xae\xec``;\xe2b\x15\xaf\x03\x13\xa4\x7f\x16\xf1\xaf\
z\x02\xa0Pvy\xf6\xac\x9e\xe2\x93*\x8eh\x19\x8d\
@\xb5\x08(}\xf7\x90\xe5D\x03\x94\xce\xad\x88 Y\
+\xf6!\x06}\xcf/ \x22\xdc\x9b\xca\x09\xcf\x22\xc1\
~6\xf4\xef\x1a\x01\x15\x04\xba\xad\xf8\xf9\x04^\xa9 \
\xfb\xa0\xed\x08\xcf\xde\x84\xfb\xda\xa8\x88 \xfd\xb3\x88)\
\x9f\xdfN\xf4s\x88\xc1\x1fM;E\xcf^\x0c~6\
\xf4\xef\x1a\x01/\x04\x18\x88d-s\x0d\x80\xb7\xfa!\
e\x10>03'|_\x11\xf6\xd8\xa9\x98 Y+\
\xf6\x11\x06\xdd\xe9\xe7\x10\x01\x9b\xe1Ff7\xfb\xaeP\
\xbf8\xf5\xef\xa3\x87\x80\xca\x8e\xf3\x01\xef\xd6\xca\xedP\
A<\xad\x98 \xf2\x22Y+\xf6\x10\x83\xe6\xfa]P\
\xee\xe3J\xe7\x8bW\xfa\xc9\xe9\xdf5\x02A\x11\xd8\x90\
\x8c\x1d[bZC\xc0A\x0a\xba\xfb\x95\xf4Q\x90?\
\xb0\xfd\x81\x8a\xd2\x1e\x99\xeeD\xfc\x1c\x22\x96\xfd\xa6}\
G+\x95\x08\xf2\x0dV\x0b\x8c\x18\x02\x19\xcb\x94\xdf\xe5\
\xe4\xf79\xefAXa\xe7\xc4\xe5~b\x83\x7f\xafj\
\x06\x91\xc6TW\x0e\x00\xfa\xbd\xed\x14<{\xb0\x07u\
^\xcb\x87\x1b\x81L\x22v\x19\x88\xbe\xeb\x87\x02\x03\x7f\
\x8e\xb9t\xfa\xf4\x9e\xc2F?\xd9\x9a\x13d\xe0H\xa3\
,S\xeaY1B^\x98\x80[R\x8e\xb8!\xa8\x93\
Z^#0\x18\x01y\x90\x8f\x0d~\x90@\x87\xfb\xa1\
SM\xeb\xf2\xaag\x10\xe9\x5cw\x22\xfe)\x22\xfeW\
?G\xe5\xef\xae\x8b\x0b:{\xc4\xbd*\xb2ZF#\
0\x1c\x02\x19\xcb\xfc\x0d\x80\xb3}\x11b\xfc\xca\xce\x8b\
\xf3|\xe5\x86\x11\xa8\x09A\x06\x1e\xb5V+\x1eU\xcd\
\x90\x1b\x99\xabW\xb5*\xbdeZ/\x930\x97\x82p\
\xad\x0a\x12evg\xcf\xca\x97\xe4\x12pE\xa3f\x04\
\x09\xf0\xa1\x06\x0c\xfc \xed\x88\x0fU\xe4\xb1V\x0a5\
\x02\x8a5\xae\xfa0b\xe0\x96t\x95\x8f\xf45#H\
\xdf,\x920\x97\x83\xa0\xb4R@DW\xa6r\x05\xcf\
c\xbc\xa1\xce\x04\x1d\xfc\x01\x08\x04y\xef \xe0\xd9\xd2\
.1{\xd66\xec\xa8\x06\xca\x9a\x12d\xdd\xe4\xb1o\
\x8e\xb8Ey\xe0\x7f\xc8\x12*\x83\x1c\xed-\xbb<W\
\xef\xd5\xaa\xe6\xf6\x85KW\xf9\xbd\x03@\x84\xe9\x9c\x19\
5(>QS\x82\xf4\xcd\x22\x1d\xf1sa\xf0\xaf\xd4\
n\x1d?l;E\xdf\x0f\x8dj\xb6\xb4T+#\x10\
\xe4\xbd\x03\xc0\xf5\xb6#\x96\xd4\x02\x8f\x9a\x13D:\x95\
\xb5\xcc\x7f\x92\xcf\x7f*\x0e\xea\xf7\x11\x15\x94\xc2-\x93\
I\xc6\xaf\x03\xb3R\xc2\x13\xe1'\xa9\x9cx\x7f\xad\x10\
\xab\x0bA\xfaW\xb5LY\x8a\xf4\x22\x15G\xf5V\x14\
\x15\x94\xc2)\x93I\xc4>&O\xff\xa9DO@\xb7\
Q\x8e\x9c=\xe3\xa5]=*\xf2*2u#\xc8\x9f\
\xa6\xb6Y\xd1\x92+\xdfGR\x8a\x8e\xe8\x8f\x88*@\
\x85H\xa6+a\xbe\xc7 (\x7f33@\xe7\xcft\
\x0a\x0f\xd4\x12\xa2\xba\x11\xa4\x7fUK\xad\x12\xca\x9e\x80\
\x88\xf9\x13\xa9|\xf1\x9b\xb5\x0cP\xdbjN\x04\xba:\
\xe23\x0c\x83eO\x8f\x88R\x04\x84\xcf\xda9q\xb3\
\x92l\x00\xa1\xba\x12d\xe0}\xe4s\x0c(\xb7ic\
\xd7=#\xddSz4@\x0cZ\xb4\x05\x11\xc8X\xe6\
+\x00\x0eQ\x0c\xed\x1e\xdb\x11\xfe\x1b\x16\x15\x8d\xed+\
Vw\x82\x0c\xbc\x8f\xdc\x0d\xff\xfe\x0c{\xfd\x8a\x08\xf1\
\xa6\x19\x7f\xc6\xb6\x0a\xe2\xd1*-\x80@w\xc2\xcc\x11\
\xc1R\x0a\x85\xb1\xde \xe3\x1d3\x9d\xdd\x9b\x95\xe4\x03\
\x0a\x8d\x08A6L\xc7\xf8\x920\x7fM\x0a'\xbe\xf6\
\xf8\x1f1\xc5\x84\x19\x1b\xb1=`<Z\xbc\xc9\x11\xc8\
Xq\xd5-K2\xd2^v\xddy\xf5|\xe2\x18\x11\
\x82\xf4\xcd\x22\xc9\xb6)`\xf7\x11\x00\x93U\xef\xa1A\
\xe8\x9c\x99\x13\xf29T\x8f\x16G`\xe0\xd8\xec\x0b\x00\
\xd2\xaa\xa1\x1a\x8c\xf7\xcf\xcc\x8b\x9f\xa8\xcaW\x227b\
\x04\xe9#I\x22v<\x88\x1e\x03`\xaa:\xdb*M\
BU\xe3\x0d\xa3\x5c\xd7\x94\xb6\xa4Q\xe6\xb5\x00\x1f\xaa\
\x1a?3]\x9b\xce\x17\x94v\x90\xab\xda\x1cJnD\
\x09\x22\x1d\x08r\x0aq\x8f\xc3\x06\xf3e3\xf3E\xdf\
**\xd5\x00\xa1uG\x07\x81\x8c\x15=\x150\xe4y\
\xa2 c\x89\xed\x88\xeb\x83(T*;\xe2\x04\xe9#\
I\xd2|?1~\x14\xc8\xe9:-\xe3\x05\xf2A\x0b\
\xd7\x14\x81\x8ce\xbeO\x16q\x0bd\x94i\xb9\x9d/\
,\x0c\xa4S\x85\xf0\xa8\x10\xa4\x8f$V\xfc*\x02\x7f\
=\x88\xef\x0c\xba#\xed\x14\xbc\x1b\xa2\x041\xa8eG\
\x0d\x81 \x87\xec\xf6:\xe9\xd3\xec\xa6\x1e\xc1\x8c\x1aA\
d0Y\xcb\xfcg\xd9I5H`\x04~\x88\x0c,\
\x9e\xf9b\xf1\x8fA\xf4\xb4lc \xd0\xbf\xa2\x19_\
B\xe0+\x82x$\xef{\xca)\xfa\x9f \x0cbT\
AvT\x09\xd2G\x92\x84y1\x13\x82\xadD\x10m\
3\x5cw\xb1~/Q\xb8\xc3\x0d$\xb2>\x11\x9d]\
6\x8c%\xc48)\x88[\xc4|{*_\xbc*\x88\
N\xaddG\x9d 2\x90\x0a_\xd4\xe4\x99\xb1\xafG\
\xcc\xe2\xe2\x19\x1bQ\xa8\x15 \xdaN}\x10\xc8X\xf1\
\xab\x81\xbe\x1d\xb9\xf1 W\x18\xed\xe6\xb0\x0dA\x90\xbe\
\x99dR\xec-\x1c\xa1\xc7\xa1V\x00l/\xc6\x0cZ\
\x1d\x91\xb3\x89B)\xfb 7F\xcb\xd6\x06\x81\x0do\
\xc6a%\xd3\x5cB\xc0\x87\x83Z$\xc6\xc5\xa9\xbc\x08\
\xf6\x12\x1f\xf4\x22>\xf2\x0dC\x10\xe9\xa7,!T\x86\
{7\x01\xc7\x04\x8cs\xbb\x01^<\xd3)\xde\x11P\
O\x8b\xd7\x11\x81.+\xfev\xa3\x7f\xd68:\xe8e\
\x5c\xa2wu\xe6\x0a\xbf\x08\xaaWk\xf9\x86\x22\x88\x0c\
\xee\xb9i\xedo\x8a\x97\xc4\xf7\xfdZ\xbd\x0d\x05\x04\x13\
\xee\x8a\x82\x97\xcc\xc8\x15\x9f\xad5P\xda\x9e:\x02\xd9\
\x898\x94\xa3\xe6u\x00\x16\xabk\xed\x95\xcc\x1b\xec~\
pf\xbe\xb4\xba\x02\xdd\x9a\xab4\x1cAd\x84\xf9\x0e\
\x8cy\xdd0\x7f\xa0TR\xf2@Hv\x12\xb0\xa4\xb7\
$\x96\xean\xbb5\xcf\x17_\x83\x99d\xecr0I\
b(\x9d\x03\xda\xcf \xe1y\x17|Yg\xae([\
\xa85\xc4hH\x82\xecA&k\x99\x81\xb6\xca\xef\x8b\
(\x03\xcf\x1a\x8c%\xa9\xbc\x90'\x1b\xf5\xa83\x02\x03\
\x0b-\x92\x18\xf3*\xb9\x94<*[FtQgn\
\xe7\xcb\x95\xe8\xd7K\xa7\xa1\x09\x22\x83\x1e8t%\x9f\
c\x83\xff\x8d$\xd7\xb9\xf4cW\xbdr\xa7\xcfn\x95\
\x8fS\xfd\xbe1n\xb4\xf3\xe2\x8buu\xb4B\xe3\x0d\
O\x10\x19\xd7\xc0\xf1]I\x12\xa53\xeeC`\xb1\x93\
\x81\xa5\xd1rdY-\xcf+W\x88yK\xa8\xc9\xdd\
\xb7\x19+\xb6\x90@\xd7T\xfa\x97\x17\x80\xcd\xc4X\x94\
\xca\x8b\xfb\x1a\x15\x94\xa6 \xc8>\x8f\x5c\xca\xd5R\x86\
\x02\x9c\xc0\xff\x0d\xd0r\xc1\xb4\xfc\xc8|aS\xa3\xde\
\x94F\xf6k\xedD\x1c4>\x1a_\xe0\x12/\x04\xe3\
\xa8*|\xfd\xb9\xeb\xd2\x22\xbf>\xe5U\xd8\xaf\x89j\
S\x11\xa4\xef\x91\xab\xbf\xee\x96\x9cMT\x8a\xd3\x0d\x07\
\xd2kL\xbc<\x02Z\xa6\xcf\x9b\xa8\xe5\xd1\xf3\x16\x0e\
\x89Q|\x011/\x00`\xabi\x0d-E\xc0\x97R\
\x8e\xf8t56FJ\xb7\xe9\x08\x22\x81\xe9\xab\xe0X\
.~Q\xb5\xcc\xa9\x07\x98\xbb\x89y\x19E\xb0\x5c\xef\
\xed\x1a\x1a\xa5\xcdS\xc6\x1e.J\xc5\x85 HbL\
\xa9&1\x19\xe8\x92-0lG\xfc\xb0\x1a;#\xa9\
\xdb\x94\x04\xd9\x03P\x7f\xc1l\x5c\xa7XU~X\x5c\
\x09p\x19\xf8\x91A\xb8\x7f\xfb\xa1b\xe5\xf1O\xa38\
\x927\xa1\x11\xaf\xd5\xdd\x11\x9d\x83\x08\xcd#&\xf9\xde\
7\xb1J\x1fw0p\xab\x19\x15\xb7N\xdb\x8c\xd7\xaa\
\xb45\xa2\xeaMM\x90\xbdD\xe9\xefO\x22\xcb\xe1\xfb\
6\xf1Q@w3\x13\xdf\x8f2\xaf\xac\xe7Yg\x05\
?F\x5c\xa4+a\xfe\x9d\x83A\x12\xe9\x00\x00\x03=\
IDAT\x01\xbc\x1b\xd4\xb7T\xeb\xdb\xc1X\xc5A\
\x02\xbe\xe7\xba\xb85\xdd#\xe4q\xda\xa6\x1b-A\x10\
\x89z\x7f\xa7+\x96\xb3I-\xcf\x8b<\x09\xc6J\x17\
\xb8\xbf3/\xfe\xd4twW\xc1\xe1\xae\xe4AG\x10\
\x17\xe7\x19\xa0y\x0cT\xdch\xe6\xc0K\xf1#\x06\x19\
\xb7\xcel\x80\xed\x22\x0a0x=]T\xa3\xdex\xba\
\xf2H\xafA\xee\xb5*\xddw\x03z\xff\x1b\x02\x1e/\
\xc3x\xbc\xd3\xd9\xfd\xdb\x80\xba\x0d%\xde_\x1b\xc08\
\x95\xc0\xa7\x008\x87\x81\x09\xb5r\x90\x81\x8d\xc4|\xab\
\x9d/*\x95\x0b\xad\xd5u\xebe\xa7ef\x90\xc1\x00\
\x0d\xf4q\x97G3k\xf2\xa80\xc8\xfe\xff0\xf08\
\x88VS\x99\x1f\xb4{\xc4\xf3\xf5\xbaA\xb5\xb0\xbbq\
\xe2\x98\x84\x88\x95\xce6\x98\xe6\x00\x90\xa4\x98Z\x0b\xbb\
\x83lle\xe0;Q!\xbe\xd1J5\xcdZ\x96 \
{n^\xd6\x8a}\x88a,\x04\xf8\xb4:$\xc5\x1e\
\x93[\x01<L\xccO\xb8\xcc]\xd1Ri\xddh%\
\xc9s\x87cl\x9b\x19\xebt\x81YD8\x86@o\
\xe7\x00\xa5t*\xc0\xa8\x8f\x18c(z\xc7\xe4\x06\xdb\
&RA,\x07\xa8\xb4<A\xf6D\xbc~\xb2y\x89\
\xeb\xf2B\x80\xce\xac\x05p\xbe6\x98ee\xc8u\xe8\
_\xda\x5cWk\xe2\xecO\x04\xea\x040\x0b\x80\xfc\xa7\
r\xdd1\xdf\x18\xbc\x05Z\x9a\x18{B\x0f\x0dA\xf6\
\x04\x9c\xb1\xcc\xf7\xf6\xad\xe93\xce\xad2A*U/\
\x80h;\x98{\x01lg\x90<\xcb\xb2\x9d\x19\xdb\x99\
\xa8\x97\xc0\xdb\xc1(\x80x<\x81\xc6\xbb\x8c\x09D<\
\x1e\xa0\xf1\x00\xf6\xfd3\xb6R\x07\xaa\xd4\x0b\x051B\
K\x90\xbdDI\xc4\xe7\x91\xc1\x173\xf7-i\x8eV\
\xb2U\x99\xab#\xaa\xfe\x0c\x03?o\xd5G\xa9\xe1\x90\
\x0c\xdd\x0c2\x18\x88\x0d\x93\xc6t\xb8Qw\x1e3K\
\xa2\x9c3\xa2)\xd7\xf8\x17{\x11\xe0\x95\x84\xc8\xca\x94\
\xb3\xfb\xe1\xc6w\xb7\xf6\x1e\x86\x9e \xfbB*\xbb\xa8\
\x22\x82y\xc4\x90\xdf\x04N\xa8=\xdc\x8do\x91\xfa\x1e\
\xfb\xb0\x12\xc0\xca\x88)V\x86\xbd \x86&\xc809\
\xbbar\xdb\x1c\x97\xcb\xf3\x98\xe9\x1d\xd5n\xcek|\
Z\xe0u\x02~G\xe0\x95&\xc5V\xb6\xe2jT\xa5\
\xf7@\x13D\x01\xb9l\x22v\x82k\x18\xb3\x89y6\
\x01\xb3\x198XA\xad\xd1E\x9e\x22\xe25piM\
\x89\xc5\xeaY=\x90\x0dk\xf4\x18\x84\x80&H\x05)\
\x91\xb5\xda\xce\x02\xdc\xb3\x00\x9c\xc5\xf5\xf9\x10Y\x81W\
\xbe*\x9b\x08\xb4\xca%^\xc5\x88\xaej\xb4\xa3\xad\xbe\
\xde\x8f\x92\x80&H\x95\xc0gR\x18\xe7\xee\x8e\x9f\x1e\
q\x91bB\x0a\xec\xa6@$\x8f\x07\xd7b\xe3d`\
\xef\x08x\x8d\x81\xac<\x0d\x0bF\xd60\x90)\x19\xc6\
\xda\xce-\xbbs\x81\x8di\x05h\x82\xd4)\x09\xd6N\
\xc5\x84q\x22\x96\x82!\x89C)f\xd8\xd4O\x9aq\
\x00\xda\x01\x1a\x07p;\x806E\x17\xca\xb2\xa3\x12\xc9\
\xaeJ\xc0\x8e\x81\x7f\xff\xabK\xdcG\x04\xb8\x9c\xe5\x88\
\x99\xd53\x83\x22\x9a\x8ab\x9a \x8a@\xd5Kl\xed\
q\x88\x99\xdb\xd0n\x14\xdb\xc6\xc5cn\xbb\xebr{\
\x898\x8e\x08\xf5\x9ae\xa3\x97\xccX\xef\xab\xbbv\xec\
\xd0%\x8c\xeau\x07\xbc\xedj\x82\x8c\x0e\xee\xfa\xaaM\
\x82\x80&H\x93\xdc(\xed\xe6\xe8 \xf0\x7f\xe6\xf9\x10\
\x1dY\xa3GQ\x00\x00\x00\x00IEND\xaeB`\
\x82\
\x00\x00\x9b)\
\xff\
\xd8\xff\xe0\x00\x10JFIF\x00\x01\x01\x00\x00H\x00\
H\x00\x00\xff\xe1\x00\xbcExif\x00\x00MM\x00\
*\x00\x00\x00\x08\x00\x05\x01\x12\x00\x03\x00\x00\x00\x01\x00\
\x01\x00\x00\x01\x1a\x00\x05\x00\x00\x00\x01\x00\x00\x00J\x01\
\x1b\x00\x05\x00\x00\x00\x01\x00\x00\x00R\x01(\x00\x03\x00\
\x00\x00\x01\x00\x02\x00\x00\x87i\x00\x04\x00\x00\x00\x01\x00\
\x00\x00Z\x00\x00\x00\x00\x00\x00\x00H\x00\x00\x00\x01\x00\
\x00\x00H\x00\x00\x00\x01\x00\x07\x90\x00\x00\x07\x00\x00\x00\
\x040221\x91\x01\x00\x07\x00\x00\x00\x04\x01\x02\x03\
\x00\xa0\x00\x00\x07\x00\x00\x00\x040100\xa0\x01\x00\
\x03\x00\x00\x00\x01\x00\x01\x00\x00\xa0\x02\x00\x04\x00\x00\x00\
\x01\x00\x00\x01t\xa0\x03\x00\x04\x00\x00\x00\x01\x00\x00\x01\
[\xa4\x06\x00\x03\x00\x00\x00\x01\x00\x00\x00\x00\x00\x00\x00\
\x00\xff\xe1\x09!http://ns.a\
dobe.com/xap/1.0\
/\x00<?xpacket begi\
n=\x22\xef\xbb\xbf\x22 id=\x22W5M0\
MpCehiHzreSzNTcz\
kc9d\x22?> <x:xmpme\
ta xmlns:x=\x22adob\
e:ns:meta/\x22 x:xm\
ptk=\x22XMP Core 6.\
0.0\x22> <rdf:RDF x\
mlns:rdf=\x22http:/\
/www.w3.org/1999\
/02/22-rdf-synta\
x-ns#\x22> <rdf:Des\
cription rdf:abo\
ut=\x22\x22/> </rdf:RD\
F> </x:xmpmeta> \
                \
                \
                \
                \
                \
                \
                \
                \
                \
                \
                \
                \
                \
                \
                \
                \
                \
                \
                \
                \
                \
                \
                \
                \
                \
                \
                \
                \
                \
                \
                \
                \
                \
                \
                \
                \
                \
                \
                \
                \
                \
                \
                \
                \
                \
                \
                \
                \
                \
                \
                \
                \
                \
                \
                \
                \
                \
                \
                \
                \
                \
                \
                \
                \
                \
                \
                \
                \
                \
                \
                \
                \
                \
                \
                \
                \
                \
                \
                \
                \
                \
                \
                \
                \
                \
                \
                \
                \
                \
                \
                \
                \
                \
                \
                \
                \
                \
                \
                \
                \
                \
                \
                \
                \
                \
                \
                \
                \
                \
                \
                \
                \
                \
                \
                \
                \
                \
                \
                \
                \
                \
                \
                \
                \
                \
                \
                \
                \
<?xpacket end=\x22w\
\x22?>\x00\xff\xc0\x00\x11\x08\x01[\x01t\x03\x01\x22\
\x00\x02\x11\x01\x03\x11\x01\xff\xc4\x00\x1f\x00\x00\x01\x05\x01\
\x01\x01\x01\x01\x01\x00\x00\x00\x00\x00\x00\x00\x00\x01\x02\x03\
\x04\x05\x06\x07\x08\x09\x0a\x0b\xff\xc4\x00\xb5\x10\x00\x02\x01\
\x03\x03\x02\x04\x03\x05\x05\x04\x04\x00\x00\x01}\x01\x02\x03\
\x00\x04\x11\x05\x12!1A\x06\x13Qa\x07\x22q\x14\
2\x81\x91\xa1\x08#B\xb1\xc1\x15R\xd1\xf0$3b\
r\x82\x09\x0a\x16\x17\x18\x19\x1a%&'()*4\
56789:CDEFGHIJST\
UVWXYZcdefghijst\
uvwxyz\x83\x84\x85\x86\x87\x88\x89\x8a\x92\x93\
\x94\x95\x96\x97\x98\x99\x9a\xa2\xa3\xa4\xa5\xa6\xa7\xa8\xa9\xaa\
\xb2\xb3\xb4\xb5\xb6\xb7\xb8\xb9\xba\xc2\xc3\xc4\xc5\xc6\xc7\xc8\
\xc9\xca\xd2\xd3\xd4\xd5\xd6\xd7\xd8\xd9\xda\xe1\xe2\xe3\xe4\xe5\
\xe6\xe7\xe8\xe9\xea\xf1\xf2\xf3\xf4\xf5\xf6\xf7\xf8\xf9\xfa\xff\
\xc4\x00\x1f\x01\x00\x03\x01\x01\x01\x01\x01\x01\x01\x01\x01\x00\
\x00\x00\x00\x00\x00\x01\x02\x03\x04\x05\x06\x07\x08\x09\x0a\x0b\
\xff\xc4\x00\xb5\x11\x00\x02\x01\x02\x04\x04\x03\x04\x07\x05\x04\
\x04\x00\x01\x02w\x00\x01\x02\x03\x11\x04\x05!1\x06\x12\
AQ\x07aq\x13\x222\x81\x08\x14B\x91\xa1\xb1\xc1\
\x09#3R\xf0\x15br\xd1\x0a\x16$4\xe1%\xf1\
\x17\x18\x19\x1a&'()*56789:C\
DEFGHIJSTUVWXYZc\
defghijstuvwxyz\x82\
\x83\x84\x85\x86\x87\x88\x89\x8a\x92\x93\x94\x95\x96\x97\x98\x99\
\x9a\xa2\xa3\xa4\xa5\xa6\xa7\xa8\xa9\xaa\xb2\xb3\xb4\xb5\xb6\xb7\
\xb8\xb9\xba\xc2\xc3\xc4\xc5\xc6\xc7\xc8\xc9\xca\xd2\xd3\xd4\xd5\
\xd6\xd7\xd8\xd9\xda\xe2\xe3\xe4\xe5\xe6\xe7\xe8\xe9\xea\xf2\xf3\
\xf4\xf5\xf6\xf7\xf8\xf9\xfa\xff\xdb\x00C\x00\x02\x02\x02\x02\
\x02\x02\x03\x02\x02\x03\x04\x03\x03\x03\x04\x06\x04\x04\x04\x04\
\x06\x07\x06\x06\x06\x06\x06\x07\x08\x07\x07\x07\x07\x07\x07\x08\
\x08\x08\x08\x08\x08\x08\x08\x0a\x0a\x0a\x0a\x0a\x0a\x0c\x0c\x0c\
\x0c\x0c\x0d\x0d\x0d\x0d\x0d\x0d\x0d\x0d\x0d\x0d\xff\xdb\x00C\
\x01\x02\x02\x02\x03\x03\x03\x06\x03\x03\x06\x0e\x09\x08\x09\x0e\
\x0e\x0e\x0e\x0e\x0e\x0e\x0e\x0e\x0e\x0e\x0e\x0e\x0e\x0e\x0e\x0e\
\x0e\x0e\x0e\x0e\x0e\x0e\x0e\x0e\x0e\x0e\x0e\x0e\x0e\x0e\x0e\x0e\
\x0e\x0e\x0e\x0e\x0e\x0e\x0e\x0e\x0e\x0e\x0e\x0e\x0e\x0e\x0e\x0e\
\x0e\xff\xdd\x00\x04\x00\x18\xff\xda\x00\x0c\x03\x01\x00\x02\x11\
\x03\x11\x00?\x00\xfd\xfc\xa2\x8a(\x00\xa2\x8a(\x00\xa2\
\x8a(\x00\xa2\x8a(\x00\xa2\x8a(\x00\xa2\x8a(\x00\xa2\
\x8a(\x01\x17\xa54\x9c\xd2\xee5\x85\xab\xf8\x83F\xd0\
\xd5\x0e\xad{\x0d\xb1\x98\x91\x12H\xe0<\x84vD\xfb\
\xce}\x94\x13IE\xb7d\xb53\x94\x92Wn\xc8\xdb\
\xcf\x1d)21\x93\x5c4\xde-\xbf\x9e7\x9fG\xd1\
\xae\x1a\x04R\xdfk\xd4\x98X@1\xd7p\x94\x1b\x95\
\xfa\xf9\x18\xf7\xaeT\xf8\xa7Q\xd5\x7f\xe3\xdfZY\x16\
O\xbb\x1f\x87l\x9e\xf0\xab\x7ft\xdfJ$\xb5\xff\x00\
\xbe\xa2O\xc2\xb6\x86\x16O\xcb\xf1\xfb\xedv\xbev9\
*c\xa9\xad\x16\xbf\x85\xfd\x1b\xb2\x7f+\x9e\xc7\x83\x80\
\x075\x99\xa9kz>\x8c\x82]Z\xfa\xda\xcd\x0fy\
\xe4X\xc7\xe6\xc4W\x98.\x81\xadj?\xbd\x9bG\xbe\
\xbac\xfe\xb3\xfbkU0\xa3\xff\x00\xdb\xbd\x87\x9dn\
\xc3\xd8\xc6\xb5\xa7\xa6\xf8'T\xd3\xe43\xd8\x0d\x0bH\
/\xd7\xec\x1ao\xefW\xe93L\x01>\xe6/\xc2\xaf\
\xd8S_\x1c\xbf/\xd1\xdf\xf03X\xaa\xcf\xe0\x87\xe7\
\xf94\x97\xdc\xce\x87\xfe\x13\xef\x09\xb8\xcd\x9e\xa2\x97\xfe\
\xd6\x0a\xf7g\xf2\xb7I)\x13\xc6\xdaC\x0cGk\xaa\
\xb9\xf4\xfe\xcd\xbe_\xd5\xe1\x03\xf5\xa6\xff\x00\xc2/\xaa\
9\x22\xe3\xc4\xba\xac\x88\x7f\x80-\xa4c\xf01[,\
\x83\xfe\xfa\xa3\xfe\x10}!\xb9\x9a\xebV\x91\xfb\xbf\xf6\
\x8d\xf2~\x892\xaf\xe4)\xf2P]\xfe\xfb\xfei\x16\
\xa5\x8a\x97E\xf3V\xfc\x9b\x1d\xff\x00\x09d\x87\xfdV\
\x89\xaa\xc9\xff\x00lU?\xf49\x16\x8f\xf8J\xeeG\
/\xa0\xea\xaa?\xdc\x84\xfe\x8b)4\xf1\xe0}\x07\xbb\
\xea\x0d\xfe\xfe\xa1|\xdf\xfa\x14\xe6\x94\xf8\x1f\xc3\xff\x00\
\xc3\xf6\xd5\xff\x00r\xfa\xf1\x7f\x94\xd4\xf9\xe8v\x7fw\
\xfc\x11\xf2b\xbc\xbe\xff\x00\xf8\x04_\xf0\x99\xd9F?\
\xd2\xb4\xfdV\x0f\xfbq\xb8\x93\xff\x00D\xc7%\x03\xc7\
~\x1d\x1c\xce\xd7v\xa8?\xe5\xa5\xd5\x9d\xd5\xba\x7f\xdf\
SB\x8b\xfa\xd0<\x0f\xa2\x1f\xf9k\xaa\x0f\xfb\x8aj\
\x1f\xfc\x91I\xff\x00\x08\x8c\xd0\x8ci\xba\xe6\xabf=\
<\xd4\xb8\xfdn\xa3\x98\xd4\xfe\xe1\xf7\xfc\xbfF/\xf6\
\xbf/\xcd\xfei\x17l<_\xe1MJam\xa7\xeb\
V\x172\x9f\xf9g\x14\xf13~A\x89\xae\x97\xe6\xf4\
\xae\x07P\xf0\x9e\xbbw\x0f\xd9\xa4\xd5\xed\xf5\x18[\xaa\
k\x16\x10\xdc\x0f\xca\x03j?0k\x9b\xff\x00\x84.\
\xfe\xc3\xe5\xb6\xd1,\x02\x0e^M\x1e\xf6\xe7Kw\xff\
\x00\xb6\x10\x8f,\x9f\xf7\xa6\xc7\xbd?eI\xed/\xeb\
\xd5\xd8^\xde\xb2\xf8\xa3\xf3\xff\x00\x80\xae\xcfc\xed\xd6\
\x8e\x9cW\x8c\x8dK\x5c\xd2\x87\xefo5\xad7\xb4q\
\xeavQj0\x05\xf5/\xa7\x93 \xc7\xac\xb3\x0fz\
\xd9\xd3<c\xab\xdeG$\x96\xd6\xb6:\xf40\x90\x8d\
.\x8bv\x8d&\xef\xf6\xe0\x9c\xc6\xb1\xff\x00\xbb\xe73\
{\x1a\x97\x84\x95\xae\x9ak\xee_{\xb2\xfb\xaeT1\
\xd4\xdb\xb4\xd3O\xb6\xef\xeeW\x7fzG\xa5\x8c\xf7\xa7\
\x85\xf5\xaeB\xcf\xc6Z\x05\xd5\xccvR\xdc\x1b\x1b\xb9\
\x8e\xd8\xed\xaf\x91\xad\xa5v\xee#Y\x82y\x98\xe9\x98\
\xf7\x0fz\xeb\x89\x04u\xac\xa7\x16\x9d\x9a:\xa9U\x8d\
Ex4\xfd\x07\xd1E\x15&\xa1E\x14P\x01E\x14\
P\x01E\x14P\x01E\x14P\x01E\x14P\x01E\x14\
P\x01E\x14P\x07\xff\xd0\xfd\xfc\xa2\x8a(\x00\xa2\x8a\
(\x00\xa2\x8a(\x00\xa2\x8a(\x00\xa2\x8a(\x01\x80\xe6\
\x93h\x03\xad =\x0fz\xe3\xb5\x0f\x15\xc2\x97Ri\
:$\x0d\xaa\xea1\x90%\x8a\x12\x16(\x09\x19\x1fh\
\x9c\xfc\x91pA\xdb\xf3JA\xca\xa3\x0a\xd20oc\
\x0a\x95#\x05v\xff\x00\xe0\xfa.\xa7e\xbb\x9ek\x8a\
\x97\xc66\x97\x12\xbd\xa7\x87 \x97[\xb8\x8d\xca\xb9\xb5\
\xc0\xb7\x8d\x81\xc1\x12\x5c1\x11\x02\xa7\xef*\x96\x90\x7f\
p\xd7\x0c\xf3^x\xaaG\x8aO\xf8\xa9H$5\xbc\
\x0cm\xb4x\x88\xea\xb3M\x86k\xb29VP$\x5c\
\x81\xba(\x8f#\xb0\x87\xc1B\xf6$\x8f\xc4\xf7?\xda\
\x11\x22\x85[\x18\x17\xec\xf6(\x00\xc0O!I2\xae\
1\xc4\xcd\x22\xe4d*\xf4\xadU(S\xd6\xa3\xd7\xb7\
\xfc\x0d\x1f\xdfc\x87\xeb5j\xe9EYw\xff\x00\x83\
\xaa\xfb\xaer\xf3kz\xa6\xb9+Z\xfd\xba[\xd7\x04\
\xa4\x9a\x7f\x87\x00(\x84p\xc9>\xa36\xd5\x0c:\xe1\
L\x12\x8e\xc0\xd6\xae\x95\xe1-f&\x92ko\xb1x\
t\xcc\xa0J\xf6i\xf6\xcb\xd9q\xd0\xcb{r0\xc7\
\xd44N}\x1f\xbdzM\xbc0\xdbD\x90[\xc6\xb0\
\xc7\x1a\x84D@\x02\xa8\x1c\x00\x00\xe0\x01\xe8*\xc7n\
\x074<D\xadh+/\xeb\xa6\xdfzl\xd28\x14\
\xdf=F\xdb\xfb\xbf\x1d\xd7\xc9\x9ct\x1e\x07\xf0\xe2H\
\xb7\x17\xb6\xc7S\xb8B\x1df\xd4\x1d\xae\x99[\xd61\
1u\x8b\xd7\x11\x85\x1e\xd5\xd8\x80\x17\xa0\xc5r\xfe2\
\xf1V\x8d\xe0_\x0aj\xfe2\xf1\x1c\xff\x00f\xd2\xf4\
K\x19\xaf\xef%?\xc3\x14\x08dlz\xb6\x06\x00\xea\
N\x00\xe4\xd7\xc1_\xb0\xd7\x8b>!x_\xc3\x97\x1e\
\x0d\xfd\xa6\xfe#\xd9\xdc\xfcB\xf15\xcbk\xbaO\x83\
\xf5\x8dB\x19\xb5\x9d7M\x92-\xe8\x93\x07\x93\xcf%\
\xd4\x19<\xb2\x0f\x94\xa3\xb1,\xab\xcfyO\xe3w:\
\xe1J0\xf8RG\xe8\x8cw\xb6\x93\x5c\xcbg\x0c\xf1\
Iqo\xb7\xce\x89X\x17@\xc3+\xb9A\xca\xee\x03\
#=kB\xbf\x13> x\xef\xe0\xaf\xc1\xff\x00\xdb\
CQ\xf8\xd7\xf0\x1f]\xf1\x0f\xc5\x8f\x88~(\xd3.\
,\xf5_\x00\xf8S\x17\xf6\xf2\xcf\xb6\x08\xa3\x92\xe2\xfe\
 \xf1\xdb[\xc2\xb1\x06x\xb6\xcc\xe9 S\x84L\x8a\
\xfdU\xf8+\xe2_\x8a\x9e0\xf8ya\xaf|b\xf0\
\xa5\xb7\x82\xfcMt\xf2\xbc\xda=\xb5\xd8\xbc\x10\xc5\xbc\
\xf9;\xe5Q\x81!L\x16PN\x0fpr\xaa\x8d\x8f\
^\xa2\x8a(\x00\xa2\x8a(\x00\xa2\x8a(\x00\xa2\x8a(\
\x01\x83\xd2\xb9\xfdW\xc3\x1a\x06\xb5\x22O\xaai\xf0\xcf\
4c\x11NW\x13G\xee\x92\x8cH\x87\xddH5\xf3\
O\xc4\x1f\x8f?\x12<\x09\xfbNx\x13\xe1\x0c~\x02\
\xb8\xd6\xbc\x15\xe3\x8b\x09\x0f\xfc$\x96>k=\x8d\xec\
-)\x95n\x14)\x88B\x91\x88X\x96e8\x90\x90\
[n\xd3\xf2\x7f\xfc\x14s\xf6\xde\x93\xe0\xed\x8b\xfe\xcf\
\x7f\x0b\xc3I\xf1\x0f\xc5\x96b\x09\xaf]\xcd\xbcZ]\
\xad\xe81,\xa9;\x18\xd7\xed2d\xf9l\x1c,8\
\xf3\x18\x82\x14\x13\x9d\xa7\xa3\xb33\x9555i\xab\xaf\
3\xf4\x96\xf3\xc1\xf7\xc2\xd6KK\x0dP\xdcY\xc80\
lu\x88\xc5\xf4\x05{\x82\xceRrO\xab\xca\xc0\x7f\
t\xd7+\xf6mS\xc3\x9f2\xc1}\xa0 \xfe;\x02\
u=3\xd9M\xb3(\xb8\x85G$\x88c\x8a1\xde\
J\xbd\xf0K\xc5\xd0\xf8\xbb\xe1\x7f\x87.\xa7\xd7\xf4\xdf\
\x10\xebV\x9aU\x9d\xb6\xbbs\xa5\xddAy\x18\xd4V\
\xde?\xb5\x03%\xbb\xba\xe7\xcd\xdcq\x9a\xf5\xc23\xf4\
\xad\xe1\x8akIj\xbf\xaf\x93~\xa9\x9c\x9501n\
\xf1\xd1\xff\x00_4\xbc\x93<\xdfO\xf1\xa5\xe2\xda\xa5\
\xde\xa1m\x1d\xfd\x8b\x12\x17T\xd1\x9b\xedP\x9cq\x99\
!\x5c\xcd\x19\xcfe\x12\xaa\xff\x00\x13\x8a\xed\xb4\xedS\
O\xd5\xed\x12\xfbK\xb9\x8a\xea\xdd\xf3\xb6X\x5c:\x9c\
pFA\xc6A\xe0\x8e\xc6\xb1u\x1f\x08\xe9W\x97O\
\xa9\xday\x9an\xa4\xf8\xcd\xed\x8byR\xb1\x1c\x0f0\
s\x1c\xc0vY\x95\xd4zW\x11\xa9h\xba\xae\x97v\
\xfa\x9d\xe42\xc9/\x19\xd6tE\xf2\xee\xf08\x1fi\
\xb2;\xe3\xba\x0a\x9cd\x09\x0eI\xdb\x0a\xf5\x15\xc9J\
\xa6\xda>\xdf\xd7\xfc9\x97\xb4\xc4P\xf8\xd5\xd7\x7f\xeb\
\xf5\xd3\xcc\xf6:C\x91\xf8\xd7\x99i\x9e4\xb9\x82\xd5\
n\xb5_+P\xd3w\x14\xfe\xd8\xd3\x01h\xd4\x8e\x18\
\x5c\xdb\xe5\xe5\xb7*xb\x0c\x8a\xb8%\xcc]+\xd0\
\xec\xee\xadom\xe3\xbb\xb2\x95g\x82U\x0d\x1c\xb1\xb0\
de=\x0a\x91\xc1\x07\xd4W=JR\xa7\xbf\xf5\xff\
\x00\x07\xc9\x9dtq\x14\xea\xad\x1e\xbd\xbf\xad\xd7\x9a\xfb\
\xcb\xf4QE#\xa4(\xa2\x8a\x00(\xa2\x8a\x00(\xa2\
\x8a\x00(\xa2\x8a\x00(\xa2\x8a\x00\xff\xd1\xfd\xfc\xa2\x8a\
(\x00\xa2\x8a(\x00\xa2\x8a(\x00\xa2\x8a(\x02\x1c\x9e\
\xa6\xb2\xf5McN\xd1,\xda\xfbS\x9cC\x10!\x07\
\x05\x99\xd8\xf0\xb1\xa2\xa8/$\x8cxTPY\x8f\x00\
\x13YZ\xd7\x88\x86\x9fp\xbaF\x9dnu\x0d^t\
\xdf\x1d\xaa6\xd5E'\x1el\xf2`\x88b\xce~b\
\x09l\x10\x8a\xec6\xd7\x05\xa6[\xeaZ\xee\xa2ot\
\xcb\xa1{x\xa5\xa2\x9b^\x921\xf6{`xxt\
\xd8\x09!\x9b\xb3J\xc5\x978\xdc\xd2\x95\xf2\x97Z4\
.\xb9\xe5\xa2\xfe\xbe\xe5\xf7\xfa\x1c\x15\xf1|\x8f\x92\x1a\
\xbf\xeb\xef~];\x93k\x1a\xe6\xa7\xa9\xc9\x1d\xa5\xf2\
\xddY\xa5\xc8\xdd\x06\x8db\xc3\xfbF\xe53\x82\xd3\xca\
\xae\x16\xd2\x1e\xc4\x86R\x0e3*\xb11\x1d\xad?\xc1\
oui\x1d\xb7\x88\x16\x0b}=3\xe5\xe8\x96\x03m\
\x9a\x02rD\xcd\x84k\x92I9\x0c\x16#\x9eb$\
n=^\x8d\xa1i\xfa\x1c.\x96HZY\xdf\xcc\xb9\
\xb8\x94\x97\x9ag\xe9\xbaW<\xb9\xc7\x03\xb2\x8c*\x80\
\xa0\x01\xbb\x8c\x8ekJ\x98\x8eUjZ/\xebn\xde\
\xbb\x91O\x07w\xcfY\xdd\xf6\xff\x00>\xfe\x84QE\
\x1c\x11$P H\xd0\x05UA\x80\x00\xe0\x00\x07@\
=*\xcd\x14W1\xe9\x05\x14Q@\x1f$~\xdb\x9a\
g\x8f/?f\x8f\x18\xea\xbf\x0e5\x15\xd3\xf5\xcf\x0e\
[\xa7\x88\xa2Y-\xad\xee\xd2\xe14\xb7\x17rD\xd1\
\xdcE \x0d\xb6/2'\x8fl\x8b*FU\x86\x08\
?\x80?\x14/~\x16\xe8w\xdf\x0f\xff\x00i]\x07\
\xc2\xfe,\xd0um;\xc4\xda\x06\xbb\xabj\xba\xa6\xad\
&\xa6\xba\xe4\x17v\xd0\xdf\xcc,nne2\xb5\xcd\
\x8bF\x22\x922\xcc\xcb\xe6\xfe\xf5\xf8\x00~\xda\xfe\xd3\
\x93~\xdc>7\xf1$\xbf\x07\xfe\x06\xf8g\xc3\xfe\x1f\
\xf0v\xb3\x0f\x91}\xe3\xcdB\xfa\x1b\xb9\x12\xded\x0b\
:\x0d>EI\x22\x94e\x94\x01\x15\xc0q\x82\x1e2\
IO\xc6\x8f\x83\xdf\xb1\xf6\xb5>\x9b\xf17\xc0Z\x9f\
\x81\xff\x00\xe17\xbbm_\xc4~\x01\xb4\xf1-\xbaN\
f\xd0u}\x0a\xd9o\xacn\x0cBG\x89l\xb52\
\xc2\x22\xe5w!\xc0\x0f\x86\x0a\xe0\x1f\xa1\x96\xbe&\xf0\
\xff\x00\xc4\xcb\xff\x00\x0d\xfc>\xfd\x9a\xfc''\xc1o\
\x09\xfc}\xb0\xd4\xe3_\x19i\xdaTzf\xb5\x16\xa3\
\xa5B\xf7\x92\xc5%\xbe\xd5\x8d\xed.-s\xe4\xcbo\
0;\x99\xda9\x14\xa3\x83\xf6\x0f\xec!\xe3\xdf\x16x\
\xf7\xf6n\xd0\x93\xe2\x0d\xdc\xb7\xfe*\xf0\xbd\xee\xa1\xe1\
}f\xe2g/#\xdciWR[\xabH\xcd\xf3\xb4\
\x86\x11\x11vo\x99\x9b,y5\xf3\x9f\x84~\x22'\
\xc6\xaf\x84?\xb1\xd7\x8d\xb4\x1b\x8f7Y\x8f\xc6vZ\
~\xa0c?:Ka\xa0j\xd0\xea\xb1\xb0\xea\xa1\xc4\
\x0c\xc4\x1e\xb1\x90y\x04f\x9f\x87\xfe;\xf8\x13\xf6&\
\xfd\xa1\xfe1\xfc9\xf8\xd9{'\x87\xbc\x1f\xe3}L\
\xfcC\xf0\xa6\xa6m\xe7\x9e)\xe6\xbfD\x8fT\xb6Q\
\x04r\x11 \xb9\x8f*\xb8\xc6\x01'\x1b\x97 \x1f\xac\
TW\xca\xbf\xb1\xff\x00\xc7\xeb\xcf\xdaG\xe0\xf4\x7f\x11\
\xee\xb4\xbb\xad5\x7f\xb5o\xb4\xfbyn\xa2\xf2\x85\xec\
\x16\xf2\xe2\x0b\xb8\x80\xe3l\x91\xb2\xab\x01\xc2\xca\xb2(\
\xc8\x00\xd7\xd5T\x00QE\x14\x00QE\x14\x00W\xca\
\xdf\xb4.\xb9\xfbOxw\xc5\x1f\x0e\xef\xbe\x00h\xba\
w\x88\xb4i\xf5\x83i\xe2\xfb\x0b\xef*6K)L\
An#\x9d\xe6\x8d\xa3\xf2\x94JN\xc4\x90\xe4\xa9*\
\xc0m?T\xd7\xc6\x9f\x17\xff\x00k\xaf\x0d\xf8W\xe2\
e\xbf\xec\xe5\xf0\xce\xdaO\x13\xfca\xd5\x8cqZ\xe9\
F)\x92\xca\xc5f\x87\xed\x1fl\xd4.p\x14[\xc3\
\x06fh\xe1/+\x00\x17\x0b\xb80\x00\xfacS\xf1\
\xe7\x82\xb4\x8f\x0cj\x9e5\xd45\xbb\x08\xf4-\x129\
\xe5\xd45\x012<\x10\x0bl\xf9\xdec\xa9`\x1a2\
\xa4\x15\xfb\xc0\xf1\x8c\xf1_\xcf\xfd\xe7\xc7\x0do\xf6\x91\
\xf1=\x8d\xf7\xc5\xef\xd9\x83E\xf8\xad\xaejV\x17\x97\
~\x14\xb9\x83W\x1a\x1e\xabq\xa0-\xd4\xdeL\x8f\xa7\
\x99%\x9eX\xd4\x86\xf2\xe5\xda\x06\x03\x14\xceY\x8f+\
\xa3|1\xfd\x8f\xbe3~\xd2~5\xd1|y\xe2]\
S\xe1f\x97\x07\x9b\x1e\xa3\xa6\xea\x97\x83J\xb8\xf1\x16\
\xae\xd3\x1f6\xee\x04\x9e#eghd\x88\xca\x96\xe5\
\xdd\xcc\x92\x00\xa1P*\x8f=\xd7\xfe\x1bx\xae\xc7\xf6\
v\xf8Q\xfbQ\xe9?\x12\xbc_\xa8|Y\xf1\x9c\xd7\
\x9e\x10\xf0\xa7\x87\xf5\x06\x1a\x84\xff\x00e\x9a\xe2\xfbO\
h-&\x9c\xf9\xb0\xc4\xb6r\x1c2\xa9\xc4\x93)O\
,\xb2\xb2\x80~\x88\xff\x00\xc1.\xbc7\xfb9x\xc6\
O\x16|n\xf8C\xe1=g\xc0\x9a\xfd\xab\xff\x00\xc2\
?\xa9\xe8\x12\xea\xf3j:lq\xb9K\x84\x96\xdd\xe4\
E\x92_3f?|X\xc6T\xed\xc0!\x8f\xecu\
~T\xfe\xc2\xdf\xb37\xedS\xfb'j6\xfe\x01\xd7\
\xe7\xf0^\xb3\xf0\xebZ3j\x9a\xb5\xcd\x91\x9d5[\
K\xf6\xb7U\x8dQ\x8c(\xb7\x0b\xbd\x16?\x9c\x90\x13\
,\x0a`#~\xabP\x01E\x14P\x07\x1d\xaax^\
\xd2\xf6\xe5\xb5}6Y4\xcdP\xe37\x96\xd8\x06@\
8\x0b:\x10c\x99\x00\xe0\x09\x01*\x09\xdaT\xf3^\
\x7f\x22\xea>\x1a\xbe\xf3d1hW\x97\x12g\xcf\x8c\
\x16\xd2/\x9d\x8f\xfc\xb6\x8f;\xed'\x90\x9f\xbd\x91\x96\
 o\x9c\x8d\xb5\xed\xb5Z\xe2\x08na\x92\xda\xe65\
\x96)T\xa3\xc6\xc0\x15e#\x04\x10x \xf4\xc1\xad\
ib$\xb4z\xaf\xeb\xfa\xb3\xd0\xe1\xad\x82Sw\x86\
\x8f\xfa\xfc|\xd5\x99\xcd\xe9\x1e&\x8a\xfa\xef\xfb#R\
\x85\xb4\xddY\x01ci)\x0c\x1dGW\x82Q\x84\x9a\
>G#\x0c\xb9\x01\xd5I\xc5u\x80\xe3\xeb^W\xac\
xN]>\xd7\xc8\xb2\x82MSE\x8d\xc4\x83N\xde\
V\xe6\xd1\x808\x96\xc2}\xc1\x94\xa6N\x22,0\x0e\
\x22e\x00#K\xa3x\xb9\xec-\xa2}Z\xe8_\xe9\
2?\x95\x0e\xb1\xb3\xcb1\xb88\xf2o\xa2\xc2\xf92\
\x83\xf2\x96\xda\xab\xbb*\xcb\x13mV\xd2tT\xd75\
/\xbb\xfc\xbf\xc9\x99S\xc5J\x9b\xf6u\xf4\xf3\xff\x00\
?/5c\xd5(\xa2\x8a\xe6=0\xa2\x8a(\x00\xa2\
\x8a(\x00\xa2\x8a(\x00\xa2\x8a(\x03\xff\xd2\xfd\xfc\xa2\
\x8a(\x00\xa2\x8a(\x00\xa2\x8a3@\x11\xd7\x05\xe2\x0f\
\x13H\x92\xdci:,\xd0\xc7qk\x1f\x99\x7f\x7f?\
\xfc{\xd8G\x8d\xd9\x94\xf0\x1aR\xbf2\xc7\x91\xc7\xcc\
\xc5T\x8d\xd1x\x97\xc4\xcc\x1e\xebK\xd2\xaeR\xcd,\
\xd3~\xa5\xaa>\x1a;$\xe0\xe1C\x0d\xb2\x5c09\
U9\x0b\xc38o\x95\x1f?\xc3\xde\x18\x1a\x8c\x16\xd3\
\xde\xdb=\x9e\x91n\xfe}\x9e\x9b1c,\x92\xee\xdd\
\xf6\xbb\xe2~g\x99\x8f\xce\xb1\xbev\xb1/!i0\
#\xe9\xa5IAs\xcf\xe4\xbf\xaf\xc1\x1eej\xee\xa4\
\xbd\x95/\x9b\xfe\xbf2\x96\x87\xe1\xcf\xed\xb8\x1d\x19n\
-\xb4;\x87\xf3f3\xe4^\xea\xaeF\x0c\xb7-\x80\
\xd1\xc2@\x00D\x02\x96P\x14\x84\x88yG\xd5\xa1\x82\
+h\x92+t\x11\xc5\x18\x0a\xb1\xa0\xc0P8\x00\x01\
\xc0\x03\xd0U\x82\xa0\x9fZ\x00\xe2\xb0\xabU\xd4~]\
\xbf\xaf\xcc\xe9\xa1\x87T\xfe\x1d\xfb\xff\x00[/\x22Z\
(\xa2\xa4\xea\x0a(\xa2\x80\x0a(\xa2\x80\x1ax\xe9\xde\
\xbe9\xfd\x9f<?\xe2/\x0fX|o\xd4<;a\
\x12jZ\xbf\xc4\xfdsQ\xd3\xe2\xd4\xdaH\xe3\xb8a\
\x0d\x9c9\x96DWh\xe3\x96H\x5c$\x8b\x1bmB\
\xad\xb5\xb0A\xfb\x18\xb0\xac]KY\xd1\xf48\xcc\xda\
\x9d\xdc\x16\x88H%\xa5`\xb9'\x80}y\xc7\x5cS\
\x8a\x7fd\x89M-^\xc7\xe5\xff\x00\xfc\x13\xd7\xe1?\
\xc4\xdd\x0aO\x1bX\xfch\xf0U\xc7\x84\xd7\xc2><\
\xd45\x9f\x0a\xdbJ\xc1\xa2Iu{f\x86\xec[\xca\
\x00[\x98!\x81\x82E2\xfc\xad\xe7J:\x8c/\xe9\
o\x89\xbc\x11\xe0\xbf\x1b\xc5\x05\xbf\x8d<?\xa5\xeb\xd1\
Z\xc9\xe6\xc1\x1e\xa7k\x0d\xd2\xc6\xff\x00\xdeA20\
V\xe3\xa8\xc1\xaa\x9f\xf0\x95\xdd\xdf\x104-\x1a\xf6\xf6\
>\x86iTZ\xc4\x07b\x0c\xc5Y\x94\xff\x00y\x15\
\xb8\xf5\xaa\xd7\xba\x8f\x89\x14\xe6\xe7Q\xd24e\xef\x19\
\x12^1\x1e\xa1\xcb\xdb\x05>\xde[\x0f\xad\x5chJ\
Z=??\xb9k\xf8\x1c\xd3\xc5\xd3\x8cn\xae\xff\x00\
/\xbd\xd9\x1d\xa5\xad\xb5\xbd\x9d\xbcV\x96q$\x10\xc0\
\x8b\x1cqD\xa1Q\x15F\x02\xaa\x8e\x00\x03\x80\x07\x02\
\xaec=\x05x\xdd\xce\xa7\xa7\x12V\xff\x00\xc4\xda\xb5\
\xfa\x9e\xb1D\xb1[\xae}\x9e\x08\xa2\x90\x0f\xf8\x19\xfa\
\xd6K\xdf\xf8?\xee5\x96\xa7r=.\xef\xee\xa6O\
\xfb\xe2Y\xe4\x1f\xa5vC,\xab>\x8f\xe4\xbf\xcd\xa3\
\xce\xab\x9d\xe1\xe0\xbe%\xf3\x7f\xe4\x99\xefy\xf7\xa3>\
\xf5\xf3\xd9\xbd\xf0\x19\xfb\xde\x0f\xb0\x90\xfa\xca\x911\xfc\
\xda2i\xa2\xf3\xc0'\xaf\x83t\xc1\xff\x00l\xa1\xff\
\x00\xe3U\xaf\xf6=^\xcf\xf0\xff\x003\x9f\xfdd\xc3\
\x7f2\xfb\xdf\xf9\x1fB\x1e\x99\xcd\x03\x18\xf5\xaf\x03[\
\xff\x00\x05\xa8\xc4Z4\xb6?\xf5\xe3q%\xbf\xe5\xe4\
\xbcuz\x0dC\xc3\xc9\x86\xb0\xd4\xf5\xbd-\xbb\xb1\xb8\
{\xbf\xfcv\xef\xed\x0b\xfaVs\xcak.\x8f\xee\xff\
\x00&\xcd\xa9\xe7\xd8y\xfd\xa8\xfd\xef\xf5V\xfcOm\
\xeb\x81\xd6\xbckJ\xf8\x13\xf0\xcfD\xf8\xd1\xae\xfc\x7f\
\xb1\xd31\xe3O\x10\xe9\x90iW\xb7\xcc\xc5\x87\x91n\
\x10\x00\x88xFd\x8e%f\x1dDj8\xe7;\x16\
\x9a\x96\xaa\xc4.\x9d\xe2\x8b;\xb5\xeb\xb3Q\xb5Q+\
{y\x90I\x0a/\xd7\xc9?C[M\xafx\x8e\xd1\
VK\xcd\x0c\xdc\xc5\x8c\xb4\xbau\xc2\xce\x15}JH\
\xb0\xbb\x1feV5\xc9,3\x8e\x8d\xfe\x9f\x9d\xbf\x03\
\xd0\xa5\x8d\xa75}m\xf7\xaf\xbd]/\x99\xf2\xf7\xed\
\x97\xf1\x87\xe07\xc2\x1f\x0e\xe82~\xd1~\x08o\x16\
xO_\xb9\xb8\xb17GO\xb7\xd4\x22\xb4\xb8\x8e/\
2%\x91'\xc1V\x9c\x07\x11\xb4g \xa9<\x0eG\
\xe5w\xec\xfb\xfb\x11\xfcB\xf8\xdb\xe3\x8d_\xf6\x94\xf8\
Y-\xe7\xec\xf9\xe1\xcb-@]\xfc6\xd3\xe7\x82K\
\xf9@!VK\x97\xb7\xbb\x9b\xf7p\x5c($\x8c\xba\
39\x08\xad\x0a\xae\xff\x00\xde\xc7\xd6<\x15\xe2\xb0\xba\
V\xaa\x96\xd3\xba:\x5c}\x87S\x84+\xa3\xc6\xdb\xa3\
\x90\xc3:\x8c2\xb0\x05\x0fPy\x15\xdd\xf58\xac\x9c\
Zvj\xc7U:\xb0\x9a\xbc\x1ak\xc8\xc9\xd1\xa0\xd5\
-t\x8b\x1b]n\xed/\xb5\x18\xad\xe2K\xab\xa8\xa3\
\xf2Ri\xd5@\x92E\x8b/\xe5\x87l\x90\x99;A\
\xc6N3[4QH\xd4(\xa2\x8a\x00(\xa2\x8a\x00\
\x8b\x1d8\xae+Z\xf0\xcb\xcbs6\xb3\xa0\x18\xa0\xd4\
dM\x93\xc5(\xcd\xb5\xea\x01\x8f*\xe1@<\xe3\x85\
\x94\x02\xd1\xfa2f6\xed\xf1\xc0\xa4\xe3\xf3\xabSi\
\xe8aR\x92\xa8\xac\xff\x00\xafC\xc6\xf4]q\xbc<\
\xb3\x0bxf\x1aU\xa1T\xbc\xd3\xa5\x05\xae\xb4\xa2\xdd\
\x0a\x80O\x9dh@%J\xee\xd83\xb0\xb4Cl^\
\xb3\x04\xf0\xddC\x1d\xc5\xbc\x8b42\xa8x\xe4R\x0a\
\xb2\x91\x90A\x1c\x10G \x8a\xc0\xd7\xfc<u)!\
\xd54\xe9\xbe\xc5\xab\xda\x02-\xae\x82\xee\x05O&\x19\
\x97+\xe6B\xe7\xaa\xe4\x10p\xcaU\x80#\x82\xd25\
i\xfc7=\xd9\x8a\xd1\xe1\xb5\x82M\xfa\x9e\x90\xa7{\
Y\xef'\x17v\x84\x01\xe6Z\xc9\x82\xcc\x8a\x079 \
\x07\xde\x87\xa1\xc1W\x5c\xd1\xdf\xaa\xfe\xbf\x07\xd4\xf3\xe9\
\xd4\x96\x19\xf2T\xf8z>\xdf\xf0\xdd\x8fi\x1c\x8cQ\
\xecj\xa5\xb5\xcc\x17PGsm\x22\xcb\x0c\xca\x1d$\
B\x0a\xba\x91\x90A\x1c\x10G9\x15o \xf5\xaeC\
\xd7\x1dE\x14P\x01E\x14P\x01E\x14P\x07\xff\xd3\
\xfd\xfc\xa2\x8a(\x00\xa2\x8a2(\x01\x9f\xadp\x9e%\
\xd7nb\x9b\xfb\x0bE\x9a8\xaf\xa4\x8c\xcdqu \
\xccvV\xc3v\xe9\xe4\xcf\xcb\xbb\x0aDj~\xf3d\
\x9c\x22\xb1\x1a\xbe\x22\xd6\x8e\x8dj\x9fg\x8b\xedW\xf7\
\x92\x08,\xad\x81\xc7\x9b1\x1d\xc8\xe5c@\x0b\xc8\xdf\
\xc2\xa0\x9e\xb8\x07\xcf\xf4m\x10\xebw3X\xcd!\xbc\
\xd3\xe0\xb9\xf3uk\xb7\x18\xfe\xd2\xbdN\xb1\xe3\xa7\xd9\
m\x88\x0b\xb3\xee\x92\x04|\x84}\xdb\xe1\xe9E/i\
=\x8f;\x15^M\xfb*[\xbf\xeb\xe5\xea^\xf0\xbe\
\x81o\xa9\xad\xad\xf3B\xd1\xe8\xb6\x92y\xdam\xb4\xd9\
g\xb8\x93\xbd\xf5\xceyi\x1c\x9d\xd1\x06\xfb\xbf|\x8d\
\xc5vz\xbe;\xd3N\x07L\xe2\xbc\x83\xc5_\x1e\xbe\
\x0fx\x17\xc7\xbaO\xc2\xff\x00\x17x\xabO\xd2|Q\
\xaf\xaa>\x9d\xa7\xdd\xb3F\xf3\x89\x18\xa2lb\xbb\x09\
fR\xaa7d\x9e=3\x8dY\xb9;\xbf\xeb\xfe\x09\
\xbd\x0a*\x94m\xd7\xaf\xf5\xd1y\x1f:~\xd4\xdaW\
\xed\x85\xe1}a~0\xfe\xce\xde%\xb7\xd6\xb4\xbd\x16\
\xd63}\xf0\xf6\xf2\xd2\x22\xb7\x91\xc6KO$\x17 \
y\xad;\xa9\xc0]\xcb\xd3\xe5\x0c\xdc\x1fY\xfd\x9c\xff\
\x00j\x7f\x85\x9f\xb4\xcf\x87\xa6\xd4\xbc\x0dw%\xa6\xb1\
\xa7m\x8fX\xd0/\xc7\x95\xa8i\xf2\xf2\x19&\x88\xf2\
T8+\xe6/\xcaH#\xadx_\xc7\x9f\xda_\xe3\
\x07\xc0o\x18Mg\xf1?\xc1:<\x9f\x0bu\xef\xb4\
X\xe9\xfe.\xb2\xb8\xba\x92+\x19\xe5F[E\xd6\xa1\
\x11\xef\x86)\x1c\x81,\x91\xe4\x05\xc9L\x91\x8a\xf9\xfa\
\x1f\xd93\xe3\xbf\x8f\xf4\x9bo\xda'\xc3\xda\xc7\x86\xbc\
)\xf1\xc3Hp\xfao\x88|+p\xd2\xe9>+\xb2\
\x08\xa7\xcc\xd4\xa3\xda\x11d\xb9 \x82\xc3 \xf0\x5cg\
\x95GQ\xfb\x19E|Q\xfb4~\xd7:_\xc5\xbb\
\xfb\xaf\x85\x7f\x134\xe3\xe0\x7f\x8b\x9a\x00\xf2\xf5\x7f\x0d\
_\x1d\x86b\xb8\x0dsb\xccq4-\x90p\x09+\
\x9e\xeb\x83_k\xd0\x03z\xfbb\x86\xe9F\xe1Yz\
\xa6\xad\xa7h\x96\x8f}\xaaN\x96\xf0&\x06\xe7=I\
\xe8\x00\x19%\x8e8\x00\x13BM\xbd\x09\x94\x94U\xde\
\xc6\x88n\x9c\xd7-\xaa\xf8\xa7N\xd3&\x1azy\x97\
z\x83\xe4\xa5\x95\xaa\xf9\x93\x1e\xd98\xe1\x00$e\x9c\
\x80\x07'\x8ek\x9d\xbd\xbf\xd6uh\x8d\xdd\xe4\xf2x\
oH\xe3\x04\xe0_\xcd\xe9\x80A\x10)\xf4\xc1~\x0e\
p\x0drRx\x96\xd3L\x85\xac<)j4\xf8\x18\
\xfc\xf2ct\xd2\x11\xc6\x5c\xb1,I\x1c\x06bN8\
\xed]\xd8\x5c\xbaU\x9d\x92\xbf\xe4\xbd_\xe8\x8f\x13\x1f\
\x9cR\xc3\xaf}\xdb\xb7V\xfd\x17\xea\xce\xb6\xfe\xeb^\
\x9e?7]\xd4#\xf0\xed\xb3r-\xed\x0aMv\xc3\
\xd0\xcaC\x22>x\xc2+\x828\xc8\xaeUu\xcd\x07\
G\x9b\xcd\xd04\xd0\xd7C8\xbe\xbd&Y\x8ez\xe1\
\x9c\xb3\x80{\xa8 z\x01\x5c|\x92\xcb<\x86i\xdd\
\xa4s\xfcLIj\x8f9\xfaW\xd2\xe1\xf2\x8ap^\
\xfb\xf9-\x17\xcf\xbf\xcd\x9f\x1d\x8a\xcf\xebM\xfe\xe9[\
\xcd\xea\xfe]\xbeH\xdd\xbf\xf1\x1e\xb7\xa8sqw \
\x1f\xddC\xb4~\x18\xfe\xa4\xd6\x19\xce\xe2\xe7\x04\x9er\
M-3<\xe6\xbdJtc\x05hYz\x1e%Z\
\xd5j\xbb\xd4\x93o\xcd\xdcJ(\xa2\xb5 (\xa2\x8a\
\x00\x7f\x06\x9f\x1co#\xacq\xa1ff\xda\xaa\xbdk\
\xa1\xd0\xbc/\xa8kl%\x8cyV\xc7\x833\xf1\x9f\
\xf7Gs\xfaV\xc6\xb1s\xa6\xf8}[J\xd0\x86\xeb\
\x83\xc4\xf7\x8d\xcb\x02\x7f\x85Oc\xeb\x8e\x83\x80s\x5c\
\x13\xc6\xae\x7fcOYv\xed\xe6\xdfC\xd0\xa5\x97\xcb\
\xd8\xfbz\xdaG\xbb\xeb\xe4\x97\xf4\x8e&x$\xb7\x93\
\xca\x97\x0a\xe3\xef/R?\xd9=\x81\xf6\xa9\xedu\x1b\
\xfb\x02\x1a\xceyb\x03\xb2\x92\x07\xfd\xf2x\xfd*\x91\
\xc9\xc9'$\x9c\x93G\xeb\x9a\xeb\x955(\xf2M&\
p\xc6r\x8c\xb9\xe9\xb6\xbez\x9d\x81\xf1c_@,\
\xfcIcm\xaa[\xe46&@J\x9f\xef\x0c\x822\
;\x1e\x08\xf5\xad\x9d2K^?\xe1\x14\xd6%\xb0\x90\
\xf3\xfd\x9f\xa8\x93<\x07\xd5C\xb9\xf3\x15\x9b\xa1`\xec\
\x00\xe8\xb5\xe6\xd9\xc7Z^\xb5\xe6\xd6\xca\xe9M{\xbe\
\xef\x96\xeb\xeez\x1e\xae\x1b<\xc4S\x95\xe7\xefy\xec\
\xfe\xf5\xaf\xe6{zx\xb6M5\xd2\xdf\xc5vgL\
v`\x89r\xa4\xcbi#\x13\x81\x89@\xf92~\xe8\
\x90)\x22\xbbx\xe6IU^6\x0c\xac\x03)\x04\x10\
A\xe8A\x1c\x10}k\xe7\xad/\xc4\xfa\x9e\x9a\xa6\xda\
F\x17V\x92\x02\xb2\xc18\xdc\xa4\x11\x829\xcf\x04q\
\x8eF;WO\xa4\x18\x5c\x99\xbc\x13t\x96\x13\x12^\
M\x22\xe8\x93j\xe4\xf5\xd9\x8c\xb4G\xa7\xdc\xf9F\x00\
\xda95\xf3\xd8\xcc\xaat\xb5j\xde}?\xcd~G\
\xd7\xe5\xf9\xed:\xda^\xef\xb3\xd1\xff\x00\x93\xfc\x0fa\
\xf7\xa5\xe8+\x93\xd1\xfcMm\xa9L\xdam\xd4O\xa7\
\xeaQ\xae\xe9,\xae1\xbb\x1d7\xc6\xc3\xe5\x96<\x83\
\x87^09\x03\xbfW\x9c\x8a\xf2\xe5\x16\xb4g\xd0\xd3\
\xa9\x09\xab\xc5\xdd\x0f\xa2\x8a)\x1a\x85\x15\xf0F\xb5\xf1\
\x8f\xf6\xb4\xf1g\xc7\x88\xfe\x18x#\xe1T\xbe\x1a\xf0\
-\x9e\xb5\x0a\xde\xf8\xdfY\x94\x115\x95\x9d\xca\xb5\xd3\
Z\xc0\x84\xa9[\xb8ch\xe0\xdcwb@\xcc\x16\xbc\
\xcb\xe3G\xed\x8d\xe3/\x10h:\xc7\xc1\x1f\x86Z5\
\xdf\x81\xfe0_\xeb\x12\xe81\x9f\x12b\xd6\xd6\xd2\xc0\
4\xde~\xb5ky& \xb9\x8e;x\x83\x8f,\x97\
F\x91N\xd6\xdb\x82\x01\xfa\x15\xe1\x0f\x88^\x0a\xf1\xfe\
\x88\xfe$\xf0v\xb5i\xabiq\xdd\xcdb\xf708\
1\xac\xf6\xf2\x18\xa5\x8d\x89\xc6\x19d]\xb8\xfac\xad\
\x5c\xf1\x0e\x84\xfa\x9f\x93}\xa6\xc8\xb6\x9a\xb5\x96Z\xd2\
\xe4\x83\x8eq\xba)@\xe5\xa1\x93\x00:\xf6\xc0e\xc3\
(5\xfc\xea|B\xf1\xd6\x83\xe1/\x80\x1aG\xc1o\
\x03x\x82\xfb\xc3\x9f\x06,u\xd4\x93]\xf1\xbd\xe8d\
\xd7<W|g[\x8b\x994k\x1c\xac\xc6\xd5\x18\x02\
'l/\xca\x9b\x98\xe0\xee\xfd<\xfd\x95\x7fi\xcf\x8a\
\xbf\xb5\x07\xc5\xcf\x10x\xc3\xc2:\x17\xd8\xfe\x03\xdaX\
\xb6\x99\xa7\xdej[\x12\xfa]V\xdd\xa3,\xe8\x11\x89\
\xd9$r\x1d\xc8\xc3\x0a\x02\x9c\xee\xe2\xaa2\xb3\xba0\
\xa9MMY\xff\x00_\xf0O\xad4]lx}\xe5\
\xb81\x1bM(O\xe4\xeaV\x0f\xcbiWo\xc9u\
#\x86\xb3\x9b;\xb2>U\xdc\x1d~B\xc1=\x8c\x80\
y\xae+\xc4\xfa-\xc4\x92.\xbf\xa3\xc2\xb3\xdf\xc1\x13\
C5\xb3\xe3e\xe5\xb1\xce\xfbw\xdd\xc6y&6l\
\x85s\x83\xf2\xb3\xd6/\x83\xf5\x98,\x8d\xae\x90\xb3<\
\xbaU\xfa\x17\xd1n%'pT\x04\xc9g)9+\
,\x00\x1d\x81\xb9(\x0a\x9c\xb4m\x9e\x8a\x91U\x17:\
\xdf\xaf\xf5\xe5\xdf\xaa8h\xcd\xd1\xa9\xec\xaam\xd3\xfa\
\xec\xf6\xb7\xfc\x03\xd5h\xa3\x22\x8a\xe5=P\xa2\x8a(\
\x00\xa2\x8a(\x03\xff\xd4\xfd\xfc\xa2\x8a(\x023\x8cu\
\xc5V\xb8\xb8\x82\xd2\x19nn\x1dc\x86\x14/#\xb1\
\xc2\xa2\xa8\xc9$\x9e0\x07Rj\xc98\xe3\xady\x7f\
\x8c\xf5+;\xcb\xb7\xd2\xee\xcb\x1d/J\x8do\xb5r\
\xa3q\x90\x13\xfe\x8df\xa3\xf8\x9eg\x1b\x99G%@\
B10\xaa\xa5\x079r\xff\x00_\xd7\xear\xd7\xaa\
\xa9\xc6\xef\xfa\x7f\xd6\xfeF\x1f\x9f\xa8\xf8\x83S\x8a{\
r\xf6\xba\x96\xb1\x09\x16\x99\x1f>\x9d\xa5n\x1b\xa7*\
~\xe5\xc5\xd3\x01\x80y\x0cP\x1e!|\xfa\xce\x9d\xa7\
\xd9\xe9Vp\xe9\xd6\x11,\x16\xd6\xd1\x88\xa2\x8ct\x0a\
\x00\xe3\xd4\xfdO'\x9c\x9c\xe4\xd6'\x85\xb4\xab\xcbX\
'\xd5uq\x8dWTu\x9e\xec\x03\xb8F\x00\xc4P\
)\xee\xb0\xaf\xca\x08\xfb\xcd\xb9\xfa\xb9\xae\xb7\x18=+\
LENg\xcb\x1d\x97\xf5\xf8\x19\xe1(\xb8\xaeyn\
\xff\x00/\xf8;\x92\xd7\xcd\xff\x00\xb4\xf7\xc2\xdf\x83\xbf\
\x12\xbe\x15k2|g\xd2\xd6\xebH\xd0,\xe6\xd5\x05\
\xf4$G{c\xe4F\xd2=\xc5\xa4\xd9\x0c\xb2\xaa\x82\
T\x03\x86#\x04\x1c\x8a\xfaB\xb9_\x16xG\xc3\x9e\
:\xf0\xe5\xff\x00\x84\xbca\xa6\xc1\xab\xe8\xba\x9c^M\
\xe5\x8d\xd2\xef\x8ad\xceJ\xba\xf7\x04\x80q\xf4\xacN\
\xe3\xf2\xbb\xc3\x96G\xe3\x17\xc4O\x08x\x07\xe2\xa7\xc5\
\x1dN\xfa#\xa7\x0f\xf8D\xf5\xbd\x16\xe2'\xd0\xbcs\
\xa2F\xc2[\xbb]F\xcd\xd5\xe2\x8fT\x8d\x02\xad\xea\
d;&$\x88.\x0d{\xd7\xc2\xbf\x82_\x17?e\
\xaf\x89\xb6\xbe\x14\xf8T\x07\x8a~\x08\xf8\x92\xf6G\x9b\
K\xbd\xb8\xdb{\xe1\x99\x9c\x162Z\xbc\x84\x89\xec\x99\
\x80\xcc\x5c2\x9eG<\x9e\xf3^\xfd\x8e~\x19\xe9_\
\x06.>\x18\xfc\x1f\xd3\xa3\xf0\x95\xee\x99\xaa\x9f\x15x\
j\xfe6y\x1a\xc3^\x88\x87\x82\xe83\x92v\x13\x1a\
\xc5*\x03\x86\x84\x94\xc75\xf4\x07\xc2\xcf\x16\xea\xde:\
\xf8}\xa1\xf8\xa7\xc4:5\xc6\x81\xab\xde[\x01\xa9i\
wJU\xedo\x22c\x15\xcc?7\xdeD\x99\x1c#\
\xf4t\xc3\x82A\x19\x00\xf9\xfb\xf6\xa7\xfd\x8e\xbc\x19\xfb\
MZ\xe9\x1a\xabj7>\x11\xf1\x97\x87\xee\x04\xfag\
\x89\xb4\xa5Qy\x1a\x85a\xe43\x02\xa4\xc4X\x86\xeb\
\xb9H\xf9H\x04\x83\xf5\x86\x99\x05\xdd\xa6\x99km\x7f\
7\xda\xae\xa2\x85#\x9e}\xbb|\xd9\x15@y6\x8e\
\x9b\x9b-\x8e\xd5\xa7\xbb\x9cW#\xae\xeb\xb3\xda\xdc\xc7\
\xa2h\xb1\xa5\xce\xafr\x85\xd26'\xcb\x86<\xe0\xcf\
9\x1c\x88\xc1\xe0(\xf9\x9d\xbeU\xc7\xcc\xca\xe3\x17'\
dg:\x8a\x0a\xefbMs\xc4QiO\x15\x8d\xac\
-}\xa9\xdc\x82m\xec\xa2 3\x00H\xde\xed\xd2(\
\xc1\xce]\xb8\xe0\x81\x93\xc5p\xd7\xd70\xe8\xb7cQ\
\xd7fM_^U\xfd\xda(?f\xb3\x07\x07\x10\xa1\
\xe8r\x00\xdc\x7fx\xd8\xea9\x06\xb5\xee\xa3m\xe1\x95\
\x9e\xcbJ\x99\xaf5[\xa6\x0d\xa8jr\x80d\x91\xb0\
0\x06>P\x14p\x8a\xb8U\x03\x03\x9eO\x06X\xb3\
\x97f,z\x93\x9c\xe4\xfa\x93\xd4\x9a\xfaL\xbf*\xba\
\xe6\x9e\xdf\x8b\xff\x00$|Vo\x9e\xf2\xbeJ\x7f\x17\
\xde\x97\xe8\xd9wP\xd4\xafu[\x86\xb9\xbf\x94\xbb\xe7\
\xa1\xe0\x01\xe8\xa3\xb0\xfdj\x87\x03\x9aC\xce(\xc8\xce\
+\xe9!\x08\xc2<\xb1VG\xc6J\xa3\x9c\x9c\xa4\xee\
\xdfV6\x8a(\xab\x00\xa2\x8a(\x00\xa3\xfa\xd1R\xc3\
\x0c\xb3\xc8\xb0\xc2\x85\xdd\xdb\x0a\x8b\xc9-\xe8(n\xdb\
\x82\xd7D\x22\x82\xc4\x05\x04\x92p\x00\xe4\xe6\xbdG\xc3\
\x9e\x06\xdf\xb2\xf7Z\x18\x1c\x14\xb7\xf5\xff\x00\xae\x87\xff\
\x00e\x15\xb7\xe1o\x08E\xa5*\xde\xdf\x81%\xe1\xfb\
\xa0}\xd8\xc7\xa0\xf5oS\xf9V\xfe\xbd\xacC\xa1\xe9\
\xefw'2\x13\xb64\xfe\xf3\x1eG\xe0:\xfd+\xe5\
\xb1\xd9\xac\xaa\xcb\xd8a\xf7\xda\xff\x00\xe4}\xaeY\x90\
\xd3\xa1\x0f\xac\xe3tK[?\xcd\xff\x00\x91\xcdx\xbf\
\xc4\x91\xe9\x16\xeb\xa6i\xfbV\xe5\xc7\xf0\xf1\xe5\xa9\xf4\
\x03\x8c\x9e\xc3\xd3\x9fJ\xf1\xa2rI<\xe4\x92ry\
\xe7\xb9\xf5\xa9.n\xee/'{\x9b\x86\xdf$\xad\xb9\
\x89\xf5\xf6\xf6\x1d1P\x82\x0fZ\xf6\xf2\xfc\x1cp\xf4\
\xf9V\xefv|\xdei\x99O\x19W\x99\xe9\x15\xa2]\
\x97\xf9\x8c\xa2\x8a+\xb8\xf3\x82\x8a(\xa0\x07d\x8e\xb4\
\xe8\xdd\x90\x87\x07i^AS\x82\x0f\xb1\xea)\x99\xf5\
\xa5\x1c\x1a[\xe8\xc5\x19ktvv\xfa\xf5\x8e\xb3\x04\
zw\x8a\x15\x9b\xcam\xf6\xf7\xf1\x12\x93\xc0\xc3\x04:\
\xb8\xe4\x10@9\x1e\x98 \x81]\xbd\x8e\xbf}\xa2K\
\x0d\x87\x8a&K\x8bk\x82\x16\xcfW\x8c\x05\x8eBO\
\xcb\x1c\xe0|\xb1H\x7f\x85\xbe\xe3\xf4\xe1\x86\x0f\x8b\x02\
1]6\x8b\xaf\xfd\x8a7\xd3u(\xc5\xde\x99p\x0a\
\xcb\x03\x80\xc0)\xea@=z\x8c\x8f\xaf|W\x81\x8d\
\xca\xae\xafI|\xbbz\x7fV>\x9f*\xcfe\x09*\
u\xdf\xfd\xbd\xdf\xc9\xff\x00Z\x1fAd\xfd>\x95V\
\xe9g{yR\xd4\xaaLP\xf9e\xc1*\x1b\x1f)\
 r@<\x9fj\xf3\xdb\x0dE\xbc(\xb0\x89\xa7k\
\xaf\x0e\x5c2\xad\xa5\xe3\x9d\xcdf[\x85\x8av\xff\x00\
\x9e$\xfc\xa9!\xe5\x09\x0a\xfca\x86_\xc7\xbdO\xc7\
Z7\xc1_\x1cj\xdf\x0cm\xa4\xba\xf1e\x9e\x89w\
.\x8f\x0c*\x1d\xde\xe8DLa\x14\xfd\xe6\x0d\xc8\x1d\
\xc8\xc0\xe6\xbeVt\xdc\x1f\x97C\xefh\xd6U\x15\xd6\
\xfdW\xf5\xf83\xe3_\x84\xbf\xb6_\x8f|\x0f\xad[\
|/\xfd\xb8<8>\x1fx\x92\xe2\xe9\xed\xb4\xbf\x13\
F\x98\xd0\xb53\xb8\x85\x0b2\x96H$8!w6\
\x18`\xf0s_\x16\xfe\xd7\x9f\xb5n\x89y\xf1#\xc4\
V:U\xac\x7f\x17|\x0bu\xa8.\x8d}\xe0\xfdS\
I\xbb\xd9e{\xa7\xbbZ\xcfs\xa3\xeb0\xabG\x19\
\x95\xa3GS\x13\x12\xccr@\x1c\x1f\xa4\xf5\x0b\x8f\xda\
\xaf\xf6\xe8\xd1\xa3\xf8W\xe3\xaf\x87q\xfc\x1f\xf8}p\
\xb0?\x89u-Km\xd6\xa1v\x17\x0e\xd6\xdalr\
\x0cB_\x8c\xca\xca\x19T\xf59+]\x1f\xc2/\x80\
\x9f\x1a\xff\x00d\xaf\x8e\x9e\x1d\xf8e\xf0\xeb\x7f\x8c\xbe\
\x00\xf8\xaa{\xc9\xe5\x83PH\xde\xe3\xc3\xb7k\x13N\
\x1cJ@b\x92\xc8\xa0)\xe4>N\xe0\x1dC4\x9d\
'\xc9\xbe4\xfd\x9e\xbc\x17\xf0C\xe3\x0f\x82\xbe1\xfc\
l\xf1\x06\xb7s\xe1\x9b\xbb\xcd\x1a\xefL\xd65i\xa1\
\xbe\xba\xf0\xfd\xae\xd1\x1a\xe8\xba\xd6\x97(d\x92\xc2d\
\x0dn/ @cu%\x94\xb1$\xfe\xe2\xf8'\xc2\
>\x07\xf0v\x8c\xd6\xdf\x0ft\xbb\x0d3J\xd4fm\
Kf\x98\x88\x90J\xf3\xaa\xe6e\x11\xfc\x87z\x85\xe4\
p@\x18\xe2\xbc\x93\xf6\x8f\xfd\x97>\x16\xfe\xd3\xde\x0d\
\xb9\xf0\xb7\xc4\x1d<%\xdf\x93\xb2\xc3Y\xb6U\x17\xb6\
m\xb80h\x9c\xf0W#\xe6G\x05H'\x80Nk\
\xd6\xbe\x1cx\x1bM\xf8g\xf0\xff\x00\xc3_\x0e\xf4Y\
f\x9e\xc3\xc2\xfaM\xae\x93k%\xcbn\x95\xe2\xb4\x85\
aF\x91\xba\x16!rq\xc0=8\xa0\x0e\xd4\xf1\x8e\
+\xc9|U\xa2A\xa7\x5c\xc9$\x8c\xd0\xe9\x1a\xc4\xf1\
\xf9\xf2'\x0de\x7f\x90 \xbd\x8c\xff\x00\x08w\xda\x92\
g\x8d\xdb\x5c\xf0d'\xd6NH5B\xfa\xca\xde\xfe\
\xd2{\x0b\xc8Vh.\x22hd\x8d\xc6U\x91\x86\xd6\
S\xecG_QUF\xa4\xa0\xef\xd3\xfa\xfc\x8e\x5cE\
\x05V6{\xf4\xff\x00/Fb\xf8gX\xb9\xd4\xed\
\xa6\xb3\xd5\x11\x22\xd4\xf4\xe7\xfb5\xf4i\xc2\xf9\x80\x02\
\xb2F\x0f>T\xcaC\xaf\xa0;I\xdc\xad]H\xe0\
\x9a\xf1%\x9a\xef\xc3w\xcdsr\xef5\xd7\x87\xe2X\
\xaf\x1d\x8e\xe7\xbb\xd2\x1c\x93\x1d\xc1\xe3\xe7\x96\xd1\x83o\
8\xc9\xdb.\x07\xefV\xbd\xaa9RU\x0f\x19\x0c\xac\
2\x18\x1c\x82=A\x1dkLE.W\xcd\x1d\x9f\xf5\
\xff\x00\x05z\x99\xe1+\xf3\xc7\x96[\xaf\xeb\xef\xd1\xa6\
X\xa2\x8a+\x13\xb8(\xa2\x8a\x00\xff\xd5\xfd\xfc\xa2\x8a\
L\x8a\x00\xc2\xd7uxt=*\xe7T\xb8F\x91`\
\x19\x11\xa7\xdf\x91\xc9\x0b\x1ch;\xbb\xb9\x08\xa3\xbb\x11\
^u\xa1h\xf7\x17\xba\xb4zv\xa0Vc\xa6\xca5\
-a\xd7\x94\x9bS\x9dCC\x10'\x92\x96\xb1\xede\
\x07\xa7\xfa9\x07*j\xf7\x8b\xf5h\xbf\xb5G\x9a\xad\
5\x97\x87a]J\xe2%\xeb5\xdc\xa4\xc5en\xa3\
\xa31`\xce\x14\xf3\xe6\x18OC]g\x85\xf4y\xf4\
}\x1a+{\xd6Yo\xa7f\xb9\xbe\x95>\xec\x97\x12\
\xb6\xf9\x19s\xce\xc0\xc7\x08\x0fE\x00v\xae\xa8\xfe\xea\
\x9e\x9b\xbf\xeb\xfa\xf5<\xa9\xafm\x88\xe5{-\xff\x00\
\xaf?\xd1\xa3\xa9\xa2\x8a+\x94\xf5B\x8a(\xa0\x02\x99\
\xba\x94\xf3\xd2\xb2\xf5]N\xd3E\xd3\xee5K\xf7\xd9\
\x05\xba\x17r\x06I\xe8\x00\x0a9gc\x85U\x1c\x96\
 \x0eMM\x9c\xa5d)IF<\xcc\xc9\xf1&\xb9\
.\x97\x146\xb6\x11-\xce\xa7~\xc6++bp\x0b\
\x01\x97\x92B9Xc_\x99\xdb\xe8\x07\xccT\x1f<\
\xd4\xafc\xf0\xd5\xb4\xda]\x8c\xedu\xab]\xb7\x9b\xa9\
_\xb6\x03\xbc\x98\xc6\x01\x1ft(\xf9QG\x08\x80\x01\
V\xae/n\xf4Hf\xd7\xb5P\x17_\xd5\x93jB\
Hag\x00l\xa4+\x8c\xf4<\xbbs\xbaC\xfd\xd0\
\xa1|\xe1\x98\xb3o~K\x12\xccy\xc9'\xaeO\xbd\
}.U\x97).i\xec\xbf\x17\xfeI\xfd\xe7\xc3\xe7\
\x99\xc3\x83t\xe9\xbfy\xfe\x09\xfe\xaf\xf0\x19\xfe9<\
\xf3\x9aJ(\xaf\xa9>0(\xa2\x8a\x00(\xa2\x8a\x00\
(\xa2\x8fz\x00\x925i\x1cG\x18,\xcc@\x0a\x06\
I'\x80\x00\xf7\xafp\xf0\x97\x85\x93G\x8c^^.\
\xeb\xc7\x1d\xfaF\x0fa\xee{\x9a\xc9\xf0?\x86\xfc\x95\
]b\xf9\x7fx\x7f\xd4!\xfe\x15<n>\xe4p=\
\xbe\xb5\xe9\xd5\xf29\xb6b\xe6\xdd\x0aON\xaf\xf4>\
\xef\x87\xb2U\x08\xacMu\xeft_\xa8q\x9e\xb5\xe0\
\x1e.\xd7?\xb65'\x117\xfa4\x04\xa4c\xd7\xb3\
7\xfc\x0b\xb7\xb6=\xeb\xd3\xbck\xab\x9d+Hd\x8c\
\x9f:\xe71\xa6;/\xf1\x9f\xc1N>\xb5\xe0\xddz\
\xf1\x8a\xd7!\xc1o^^\x8b\xf5g?\x15c\xde\x98\
X?7\xfa!\xb4QN\x08\xed\x9d\xaaN\x01'\x03\
\xb0\xeb\xf9W\xd4]\x1f\x18\x86\xd1E\x14\xc0(\xa2\x8a\
\x00(\xa2\x8a\x00(\xa2\x8a\x00\xe9\xbc?\xae\x9d1\xde\
\xce\xf1\x05\xc6\x9ds\x95\x9a\x07\x01\x81\x0d\xf2\xb7\x07\x8e\
\x9dGB8\xae\xff\x00F\xbe\xff\x00\x84n\xea\xdbE\
\xba\x94\xcd\xa4^\xf1\xa4^\xbbn\xd8O\x22\xd2F>\
\x83\xfdC\x1f\xbc>BC\x01\xbb\xc7x\xeb]\x7f\x87\
\xef\xec\xee\xad\xe4\xf0\xbe\xb8<\xcb\x0b\xde\x15\xb7\x10\xd1\
\xbfPU\xc7(C\x00C\x0c\x15`\x18W\x87\x9a`\
\x13N\xac6\xeb\xe7\xe9\xe7\xf9\x9fG\x91\xe6\xb2\x84\x95\
\x09\xbbtM\xfe\xbeO\xf0=\xe38<\xd3\xf8\xfa\xd7\
\x17\xe1\xadR\xe8\xc9q\xe1\xfdm\xf7j\xbax\x04\xcb\
\x80\xa2\xe6\xdd\x89\xf2\xaeUF\x00,\x17l\x80cl\
\x8a\xc0\x00\xa5I\xec\xc1\x19\xc1\xaf\x92\x94l\xec~\x85\
Nji5\xfd\x7f\xc1D\x94QEA\xb8QE\x14\
\x01\xc2\xf8\xc2\xcehc\x83\xc4\xd6Q\x19n\xf4r\xd2\
4J\xbb\x8c\xf6\xaf\x8f\xb4\xc2\x14r\xccUC\xc6\xbd\
\xe5D\x1d3T\xbc\x19u\x05\xa3O\xe1\x88\xa4Ym\
\xadcK\x9d*U9Y,'\xc9\x89U\xba\x11\x03\
f!\x8eB\x08\xd8\xf2\xf5\xe8G\xe9\xc9\xed^!t\
\x8d\xe1{\xb9Dc\x1f\xf0\x8c9\xbe\xb6\x03\xf8\xf4\x8b\
\xc2~\xd5\x0e;\x8bfB\xc8\x8b\xd1c\x84w\xae\xaa\
O\xdaA\xd3\xea\xb6\xfd?\x16yx\x85\xecj*\xab\
g\xbf\xf5\xe8\xbfC\xdd(\xa6,\x91\xb8\x0c\x8c\x187\
 \x83\xd7<\xf1O\xc8\xaeW\xa6\xe7\xa8\x9d\xf6\x0a(\
\xa2\x80?\xff\xd6\xfd\xf8\xcf5V\xea\xea\x0b;i.\
\xae]c\x86\x152;1\xc0\x01ybI\xe8\x00\xea\
j\xd7|W\x0b\xe3\x96[\xbd6\xd3A\x00\x16\xd6\xef\
!\xb2d=\x1e\x10L\xd7HO`m\xa3\x94~5\
p\x87<\x929\xeb\xd4\xf6t\xdc\xbf\xa6\xfa~'!\
\xa1Z\xcd\xacj:tW\xa8\xeb%\xcc\x8d\xe2mN\
7\xe0\xa9\x93\x11\xe9\xd0J=bD\x1c\x8f\xe3\xb6\x07\
\xbd{@\xec{W\x13\xe0\xf1\xf6\xd7\xd5\xbc@\xfc\xff\
\x00h\xdfH\xb13s\xfb\x8bl[\xc6\x07\xfb\x0c\xc8\
\xf2\xa7';\xf3\xc6p;\x8c\x01\x8a\xac\x5c\xf9\xa7\xcb\
\xb5\xbf?\xf8\x1f\x91\x86\x06\x1c\xb4\xef\xbd\xfa\xf7_\xd7\
\xe2>\x8a(\xac\x8e\xf0\xa2\x8a(\x02\x13\xc3u\xaf8\
\xbf\xbb\x87Y\xd7&\x9a\xe8\xe7F\xf0\xdb\x87\x90v\x9a\
\xf8\x80\xca\xbe\x8c-\xc1\x07\x1c\x83+\x0e\x8d\x15t\xbe\
)\xd5\xa4\xd14;\xab\xfbq\xe6]m\x10\xda\xc6F\
D\x93\xca\xc28###\x87\x91\x95I\xc8\xeb\xc9\x1d\
k\xcc|D\x17C\xd2,<)k.\xf3\x0ay\xb7\
\x8eNL\x92\xbbogs\x81\x96\x91\xcb\xbbq\xc9l\
\xf7\xae\xdc\xbf\x0c\xeaTQ[\xbd=;\xbf\xbboS\
\xc4\xcd\xf1\x8a\x85')tW\xb7~\xcb\xef\xdf\xd0\xe6\
5]FmZ\xfe[\xdb\x9e\x0b\x9c\x00\x0eB\x81\xc0\
Q\xec\x07\x19\xeey\xac\xf1\x93\xc6(\xea)\xb9\x1dI\
\xc5}\xdd8F\x11Q\x8e\xc8\xfc\xba\xa5IT\x93\x9c\
\xb5oV%\x14QZ\x00QE\x14\x00QE\x14\x00\
\xfcg\x8e\xb5\xd6\xf8?@\x1a\xcd\xf8\x96u\x22\xd6\x02\
\x0b\xfb\x9e\xa1\x7f\xc7\xd8\x1fQ\x5c\xa2\xab\xc8\xea\x91\x8d\
\xc4\xb6\x06;\xd7\xd1^\x1e\xd2\x13H\xd2\xa0\xb6*\x16\
\x5cn\x93\x9c\xe5\xcf'\xf2\xe9^6q\x8et)Z\
?\x13\xd1\x7f\x99\xed\xf0\xfe]\xf5\x9cG4\xd7\xba\xb5\
\x7f\xa27\x02\x85\x00\x00\x00\x1e\xdd=\x07\x1e\x94\xfe1\
\x9a21Un\xee\x12\xd6\xdak\x99N\x16$.~\
\x8a3_\x19f\xd9\xfak\xd2'\x88x\xe7R7\xfa\
\xdb\xc2\x8d\xfb\xbbQ\xe5/\xa6F\x0b\xff\x00\xe3\xdc\x7f\
\xc0G\xadq\x9c\xf7\xefRI4\x93H\xd3Hr\xee\
I$\xfa\xe7&\x98N+\xf4<5(\xd1\xa5\x1ak\
\xa2\xff\x00\x87?\x1d\xc6\xe2e^\xb4\xeb>\xaf\xf0\xe9\
\xf8\x13\xdbZ\xdc^\xdc\xa5\xa5\xa2\x19$\x90\x80\x14w\
'\xd7\xd0\x0a\xec\xbcAc\x07\x86\xb4\xd8t\xb8\xd8=\
\xdd\xd0\x0fr\xfe\x88\xa7\x85\x1e\x8b\xb8\xf1\xfe\xee~\x9d\
\x7f\x81\xb4\x11ce\xfd\xa5u\x1e\xdb\x9b\x81\xf2\xe7\xaa\
\xc6{c\xb1c\xcf\xe5^\x7f\xe3+\xc1y\xe2\x0b\x86\
\x07)\x1e\xd8\x87\xfc\x04s\xfa\x9a\xf3#\x8a\xfa\xc6/\
\xd9\xc7\xe1\x8e\xbe\xad~\x97=\xb9\xe0>\xa7\x81\xf6\xf5\
\x17\xbf--\xd9u\xf9\xb4r\x94QE{\x87\xcf\x05\
\x14Q@\x05\x14Q@\x05\x14Q@\x05'n\x83\xaf\
~\xc6\x96\x8a\x09\xd4\xf4x//5\x8d2\x0dWO\
S&\xb9\xa0e\xd2<\xe0\xdc\xc0\xd8\x12@I\xef*\
\xa8\xdb\xc8\x0b*\xa3\x1e\x06\x0f\xa9\xe9\xba\x85\x96\xaf\xa7\
\xdbj\x9a{\x87\xb6\xba\x8df\x85\xfae\x5ceN:\
\x83\xce\x085\xe0>\x1f\xd5\x1bI\xd5a\xbd\x0cB\x86\
\xdb'|\xa1\xe0\xf1\xed\xd7\xf2\xafS\xf0\xfe4\x8f\x11\
\xea^\x1f\xce\xdb[\xbf\xf8\x9a\xe9\xc3\xb1I\x08\x17h\
\xa7\xfd\x99\xd89\x1d\xbc\xd1\x83\xd8|nm\x84\xf6S\
\xbcv\xdd~\xab\xef?D\xc83\x07V\x9as\xdfg\
\xf7h\xff\x00C\xd0h\xa2\x8a\xf1O\xaa\x0a(\xa2\x80\
#\xe0\xf5\xe3\xde\xb8/\x18\xa2\xd8\xbe\x9f\xe2|\x0d\xba\
l\xdeM\xda\x9ca\xac\xae\x88\x8a`\xd9\xe0$o\xe5\
\xce\xc7\xae\x22 Wzx\xaa7\xf6v\x9a\x9d\x9d\xc6\
\x9d}\x10\x96\xde\xea'\x86h\xcfFG\x048>\xc4\
\x1c\x1at\xa6\xa1.g\xb7_N\xbf\x81\xcfZ\x9b\xa9\
M\xa5\xbfOU\xaa9_\x05\x17\xb5\xb0\xb9\xf0\xd4\xfc\
\xc9\xa0\xcel\x95\x89\xebo\xb5d\xb6$\x9eI\xf2Y\
\x11\x9b\xbb\xab{\xd7s\xd0\xf1^7\xe1K\xcb\x98u\
=\x0e\xe6\xf6M\xd3\xdf\xd8M\xa3\xdf\xc8\xfdd\xbe\xd3\
$>X\x1d>\xf0\xfbSg\x1f0\x03\xa6\x05{\x1d\
k\x8a\x83U5\xeb\xf9\xf5\xfcL0U9\xe9+t\
\xd3\xe5\xba_+\x92QE\x15\x89\xde\x7f\xff\xd7\xfd\xf8\
+^O\xe2\xedN\xe6-f\xf6\xf2\xc8\x03>\x85\xa4\
\x91j\x8f\xca\xbd\xee\xa5'\x95l?\xdeS\x0e\xdf\xf7\
e\xf7\xafX\xaf\x17\x81N\xb1\xabBO1\xea\xfe$\
\x9a\xe2X\xfb\xac:Df\x14?\xee\xfd\xaa\xde'\xc7\
\xfb~\xf5\xd1\x84J\xeeod\xbf\xe1\xff\x00\x0b\x9en\
=\xbeU\x05\xbb\x7f\xf0\xcf\xef\xb1\xea\x9a6\x97o\xa2\
\xe9VZE\xaeL6PGo\x19n\xa5cP\x83\
>\xf8\x1c\xfb\xd6\xaf\x7fJ>^\x95\xe2\xde\x1f\xf8\xf7\
\xf0\xdb\xc5\x1f\x19|G\xf0+B\xbf{\xaf\x16\xf8W\
O\x8bR\xd5aH\xc9\x86\x08\xe7(\x1636v\x99\
@\x91\x0b'`\xc3\xb8 sI\xb6\xdb\xeaw\xc6)\
$\x96\xc8\xf6\xca+\xe7\xaf\xda+\xf6\x83\xf0\xe7\xec\xe7\
\xe1\x1d#\xc4\x9a\xf6\x9b}\xad\x5c\xf8\x83^\xb3\xf0\xe6\
\x97\xa6\xe9\xc1M\xc5\xcd\xe5\xe6\xf2\x8a\xbb\x8e\x06\x126\
9\xee@^\xac+\xe8L\x8fZe\x8bE&E!\
eU,\xc4\x00:\x93\xd2\x80<\xf3T\x9a+\xff\x00\
\x16\x22\xce\x7f\xd0\xbc7no\xa7'\xa1\xb8\x9dZ8\
\x86G\x04\xc7\x0f\x9a\xcc\xa7\xbb\xc6\xde\x95\xe4z\x85\xec\
\xba\x8d\xec\xd7\x92\xfd\xe9\x9c\xb1\xcfl\xf0\x07\xe00+\
\xac\x96\xf4\xaf\x83\xbf\xb5\x0f\xfc|x\xa6\xe9\xf5\x07'\
;\xbc\x87\xc0\x80\x11\xd9\x96\xd9a\x8c\xfb\x8fs\x5c9\
\xe2\xbe\xbb&\xc3\xf2E\xcd\xf4\xd3\xee\xdf\xf1\xb9\xf9\xb7\
\x10\xe39\xa5\x1ak\xae\xaf\xe7\xb7\xdc\xad\xf8\x8c\xa2\x97\
\x06\x8c\x1a\xf7\x8f\x9c\x12\x8a\x5c\x1a0h\x01(\xa2\x8c\
\x1a\x00(\xa3\xda\x97\x06\x80;\x8f\x02i\x1fo\xd5\x8d\
\xdc\xab\x98\xac\xf0\xd9\xed\xbc\xfd\xc1\xf8\x1c\x9f\xca\xbd\xce\
\xb9\x0f\x06i\xbfa\xd0\xe1f\x18\x92\xe8\x99\x9b\xe8\xdf\
w\xff\x00\x1d\xe6\xba\xfc\xe4f\xbe\x0b5\xc4\xfbz\xed\
\xf4Z/\x97\xfc\x13\xf5,\x8b\x06\xb0\xf8H\xa7\xbb\xd5\
\xfc\xf6\xfc\x05# W!\xe3{\xaf\xb3xz\xe0\x03\
\x86\x98\xacC\xfe\x04A?\xa6k\xaf'\x0b^{\xf1\
\x0a+\xab\x8b\x0bX-b\x92l\xca]\x82\x02q\xb4\
c\x9e\xbe\xb5\x8e\x01)b\x22\xa5\xdf\xf2\xd4\xdf6\x93\
\x86\x12r]\xad\xf7\xe9\xfa\x9e,\x0f\xe7]W\x84t\
a\xadj\x8a\xb3\x0c\xdb\xc1\xfb\xc9=\xf9\xf9G\xe2\x7f\
@k)t-d\xfd\xdb\x19\xff\x00\x05?\xd6\xbd\x9f\
\xc1\xbaCiZB\xf9\xe8R\xe2\xe0\xf9\x92\x03\xd4v\
Q\xf8.?3_W\x9ac\xa3N\x8bPz\xbd\x11\
\xf0y&W:\xf8\x95\xed#\xee\xad_\xcb\xa7\xcd\x9d\
v\x02\x80\x00\xe0W\xcb\xd7\xf3\x0b\x8b\xc9\xee?\xe7\xac\
\xac\xff\x00\x99&\xbe\x9f\x7f\xb8\xdfJ\xf9`\xa9\x03\x18\
?\x95y\xdc?\x0df\xfd?S\xda\xe2\xf9>Zk\
\xd7\xf4\x19E\x07\x8e\x0d\x15\xf5'\xc4\x05\x14Q@\x05\
\x14R\xe0\xfaQt\x02QK\x83F\x0d\x00%\x14Q\
@\x0f\xfaw\xae\xf5u\x17\x7f\x0c[\xeb\xe9\x96\xbb\xf0\
\xb4\xc2fQ\xcb=\xa9]\xb3\xa6\x07-\xfb\x82\xc5\x17\
\xbc\x88\x84\xf4\xae\x0b\xa7\xe1]\x87\x81\xefV\xdbY\xfb\
,\xb8\xf2\xae\xd4\xc2\xeay\x04\x90J\xf0x9\xe9\xf8\
\xd7\x9b\x99\xd1\xe7\xa3\xcc\x96\xda\xfc\xba\xaf\x9a\xb9\xe9\xe4\
\x98\x87\x0cJ\x83vR\xd3\xd1\xee\x9f\xc9\x9e\xea\x8e$\
_10Cr\x089\x07\xf1\xa9\x8f=+\x87\xf03\
\x9b}\x1aM\x06V&]\x0a\xe1\xf4\xe2\x0f,\x22\x8f\
\x0dnX\xf7f\xb6x\x99\x8f\xa95\xdb\xf4<W\xc4\
T\x8d\x9bG\xeatg\xcd\x05.\xe3\xe8\xa4\xc8\xaa\x17\
\xfa\xb6\x95\xa5*\xbe\xa7yof\xad\xf7L\xf2$`\
\xfd7\x11PlhQT\xec5\x1d?U\xb4K\xfd\
.\xe6\x1b\xcbi\x0b\x04\x9a\xdd\xd6H\xd8\xab\x15l2\
\x92\x0e\x18\x10y\xe0\x82*\xe5\x00x\x8f\x88\xc7\xf6F\
\xa3\xae\xce\xa3o\xd8d\xb4\xf14-\xdc\x88\x87\x91|\
\x91\x8e\xe4\xdbBA\xff\x00joz\xf6\x85#\x03\x07\
9\xae\x17\xc4\xf6\xf0\x7f\xc2C\xa0\xdc\xdcF$\x8a\xec\
\xddi\x13\xa9\xfb\xa6+\xa8|\xde~\xb2[\xa2\x8f\xf7\
\x8f\xad]\xf0-\xcc\xb3\xf8OMK\xa72\x5cZF\
\xd6W\x0ey-5\xa3\xb5\xbc\xa7\xf1x\x98\xd7MW\
zj\x7f\xd7o\xd3\xf1<\xcc7\xb9^P\xf5\xfd\x1f\
\xebo\x91\xd9\xd1E\x15\xcczg\xff\xd0\xfd\xef\xbd\xb9\
\x82\xca\xd6k\xab\x83\xb6(ci\x1c\xfa*\x8c\x93^\
Q\xe0ky\x9bP\xd1\xa2\xba\x1bg\xd2\xbc9\x13\xcf\
\xef6\xa5 yX\xff\x00\xb5\xbe\xd0\xfeg\xd6\xba\xff\
\x00\x88L\xc7\xc0\xfa\xe4(q$\xf63@\x9f\xef\xca\
\xbeZ\xfe\xac)\x9e\x1e\x0b/\x89|Kq\xc6m\xee\
-l\x00\x03\xa2Em\x1c\xeb\xff\x00\x8f\x5c\xb5tA\
Z\x93\x7f\xd6\x96\xfd\x19\xe6W\xd7\x11\x15\xdb\xf5\xbf\xea\
\x91\xf9\xf1\xfbbxo\xfe\x0a\x11\xe3\x7f\x8a\x16\x1aG\
\xec\xcf\x7fk\xe1\x9f\x06i\xb66\xf2\xb5\xf7\xda\xe2\x82\
K\xbb\xc7\x91\x8c\xa2RQ\xe4\xf2\xe3\x01\x17f\xdd\xa4\
d\xf3\xb8\x81\xf9\xfd\xe1\xcd\x1fZ\xd5\x7fk\xcf\x8e\xd7\
^%\xf8\xe4\xbf\x06\xb5\xcb\x1b\x9d.\xd6\xff\x00T\xb0\
\x92+x5\x1b\xd3nVX\xd4J\xca|\xa5\xb8\x87\
xPq\xb7!\xbb\x1a\xfe\x900:\xd7\xe3G\xc5\xdf\
\xd8\x93\xc5\x9e\x02\xf1\x87\x8e~7x\x7f\xc0^\x1c\xf8\
\xe7}\xe3Mf\xfbT\xd54\x9dty7\x166\x93\
\xcd!\x82-\x22&-\x0b\xdcG\x0c\x98\x96I\x89,\
Q|\xa4^Cs\x9e\x99\xf1w\xc2\xef\x89_\x12u\
/\x0a|4\xd6\xbe+\xcbo\xaciV\x1e/\xf1w\
\xc4\xdb\x0f\x16\xeaZ\x8aK\x15\xdd\xe6\x85a0\x8e\xda\
kv>e\xb9\xfe\xd0X\x1d\x14`:N\x9b\x17q\
\xc1\xf7\xcf\x04\xfc}\xfd\xb7>\x07[\xe9\xff\x00\x1d\xbe\
%\xf8\x8bN\xf8\xad\xe0}OG\xd3u\xef\x15\xf8z\
\xcahF\xa1\xe1\xfb=YL\xd6\xb3\xf9\x0a\xa0\xc2\x0c\
g\xe5\xdaJ\xbfB\x00\x01\xc7\xcc\x9e\x0f\xf8\x0f\xf0\x83\
\xc6~\x1e\xd1\xbe\x1d\xfc9\x86\xf7]\xd4\xfc;\xf0\xdf\
\xc6Z\xbf\x8dnol.-\xee,u\x96P\xb60\
\xde\xd9\x86w\x8e[Y\xa0Q\x04i\xb9\xa4dV\x00\
\x82@n\x87\xf0$h\xd6\xb7W\x1e\x1e\xd0\xbe'h\
6\x1a\xcaxEu};R\xd2\xae\xac4f\xb5\xd3\
Z\xda]j\xebV\xba\xb8\x9aT\xfb6\xf8\xa4\xba\xb7\
L\x85\x8188Q\xb6\x80?`t\xcf\xda\xa3\xf6\x81\
\xf1\x9f\xc6\x9b\x1f\x0c\xfc=\xf8\x1b\xab]\xfc8mB\
+;\xbf\x14j\xd2\xff\x00g\xc9\xe4\xb3m\x96\xf2(\
f\xda|\x98\xf2YT\xab4\x8a8\xc6\xe1\x8f\xb4\xbc\
w#/\x85ombv\x8aMC\xca\xd3\xa3\x91z\
\xa3^H\xb6\xc1\xc7\xfb\x86M\xd4\x9e\x03\xf1\xff\x00\x83\
>'\xf8f\xd3\xc6~\x00\xd6mu\xed\x0e\xfbx\xb7\
\xbe\xb4m\xf1\xb9\x8d\x8cn\x01\xe3\x05]H \x8c\xe6\
\x9b\xe2_\xf4\x8do\xc3v\x03\xe6V\xbe\x92\xead\xec\
R\x1bi\x80?\xf0\x19^#\xf5\xc5]\x1dd\xaf\xd3\
_\xbb_\xd0\xe5\xc4\xdf\xd98\xf5z|\xde\x8b\xf38\
/\x1d\xce\x9f\xda\xb1i\xd6\xe0$\x16P*\x22(\xe0\
\x16\x19\xe0v\x00m\xe3\xda\xb8\x8d\xc2\xb5\xf5\xfb\x83u\
\xac\xdfNNKL\xc0}\x14\xed\x1f\xca\xb1\xcf\xa7\xad\
}\xfe\x06\x9f%\x08//\xc5\xea\xcf\xcas*\xfe\xdb\
\x139\xf4\xbb\xb7\xa2\xdb\xf0\x14\xe3\xa9\xa0\x9fN\xb5\x9f\
\xa8\xea\x9aV\x8f\x09\xbc\xd5\xee\xe1\xb1\x85FL\x93\xc8\
\xb1\xaf\xd3,@\xaf\x10\xf1\x1f\xed)\xf0\xd3B/\x0d\
\x95\xcc\xfa\xc4\xcb\xc6\xdb(\xfeL\xfa\x17}\xa3\x1e\xea\
\x0dzxl\x06\x22\xbb\xe5\xa3\x06\xfd\x11\xe3b1\xd4\
(G\x9a\xb4\xd2\xf5=\xfc\x9cR\x0d\xd9\xc63_\x05\
\xeb\xff\x00\xb5\x9f\x89\xef7\xc5\xe1\xcd&\xd7N\x8d\xb8\
\x12\x5c1\x9d\xc7\xd0aS\xf3\x06\xbcS^\xf8\xbb\xf1\
/\xc4a\x97R\xf1\x05\xdf\x94\xfda\x81\xbc\x98\xcf\xd5\
\x13\x02\xbe\x8b\x0b\xc1\xd8\xda\x9a\xcd\xa8\xaf\xeb\xb1\xe0\xe2\
8\xb3\x09\x0d)\xa6\xfd\x0f\xd4]O\xc4\xbe\x1e\xd1\x15\
\x9fX\xd5-,\xb6\x8c\xe2y\x91\x0f\xd0\x02w\x1f\xca\
\xbc\xbbW\xfd\xa1\xbe\x14id\xaf\xf6\xbf\xdb]?\x82\
\xd2'\x90\x8f\xc4\x85\x04\xfb\xe7\x15\xf9\x8f,\xb2\xcew\
\xdc\xbbJ\xd9\xc9gb\xc4\x7f\xdfY\xa8\xf9\xf5\xaf\xa0\
\xc3\xf0=\x08\xff\x00\x1an_\x81\xe2\xd6\xe3\x0a\xdbR\
\x8a_\x89\xf7\x9e\xa7\xfb[\xf8b\x12WI\xd0\xefn\
\xf3\xd1\xe6\x91!\x1f\x96\x18\xfe\xb5\x8f\xe1\xaf\xdaS\xc5\
\xbe4\xf1\x86\x8d\xe1]\x17D\xb2\xb6:\xbd\xf4\x16e\
\xe4y$tY\x5c!l\x02\x17\xe5\x5c\x9e\x95\xf1\x1f\
^\xb5\xf5?\xeck\xe1\xf5\xd7\xbe;iW\x12\xa6\xf8\
\xf4\x9bk\xab\xf6^\xbfv#\x0a\x1f\xc1\xe6R=\xe9\
\xe6\xb9\x16]\x80\xc0U\xc4\xf2]\xc6-\xeb}\xed\xa7\
\xe2<\xa37\xc7\xe3\xf1\xf4\xb0\xde\xd2\xdc\xd2KE\xd2\
\xea\xff\x00\x81\xfbS\x1ck\x1a*(\xc2\xa0\x01@\xec\
\x00\xc0\xa9v\x8a:\x0e(\xed_\xcc\xe7\xf5z\xd8f\
[\x1f\xed~\x95\xe2?\x16~;\xf8\x1f\xe0\xd4\xbal\
\x1e0\x17\xec\xda\xa2\xca\xd6\xe2\xce!/\x11l\xdd\xbb\
.\x98\xfb\xe3\x1dk\xdb\xc7\x1dk\xf37\xfe\x0a\x13\x0b\
\x0b\xaf\x03O\x8f\x95\x93PL\xfb\x83j\x7f\xad{\xfc\
'\x95\xd1\xcc3:xLE\xf9e}\xb7\xd16|\
\xc7\x17\xe6\xd5\xf2\xdc\xaa\xa6/\x0dnh\xda\xd7\xdbV\
\x97\xea{\x9f\x87\xff\x00l\xcf\x85\xde'\xf1\x16\x9b\xe1\
\x8d\x1a\xcfY\x92\xefU\xbb\x8a\xce\x1d\xf6\xea\xaa\x1ef\
\x08\x0b\x1f1\x88PNX\xf6\x00\x9a\xfa\xf4d\xd7\xe1\
\xd7\xec\x9b\xa5G\xaa\xfc}\xf0\xbcR\xaec\xb6{\x9b\
\x93\x9ey\x8a\xdaVC\xf8>+\xf7\x1f\xa1\xafS\x8e\
\xb2<\x1eU\x8e\x8e\x1b\x07\xd67ww\xdd\xb5\xfa\x1e\
W\x01g\xd8\xdc\xdb\x07<V1\xad%eem\x92\
o\xf3#\xc6}\xab\xf9\xff\x00\xf1W\x89<q\xe1o\
\x16\xebz\x14:\xde\xa3\x0bi\xba\x8d\xc5\xa9\x02g\xe0\
\xc3)N\xe7\xa1\x02\xbf\xa0#\xcf\x15\xf8\xaf\xfbb\xf8\
%\xfc%\xf1\xa7P\xbf\x8a=\x96^ \x8e=J#\
\x8e\x0b\xb0\xf2\xe6\x19\xe9\x9f1\x0b\x1fM\xe2\xbd\xaf\x0b\
\xb14c\x8e\xa9\x86\xaa\x97\xbd\x14\xd5\xd2z\xa7\xe7\xe4\
\xcf\x07\xc5\x8c%I`i\xe2i\xb6\xb9\x1bN\xcd\xad\
\xfd<\xff\x003\xc8m>1|R\xb4\x00E\xe2}\
I\x80\xed$\x81\x87\xea+\xa6\xb2\xfd\xa2\xbe-\xdac\
\xfe&\xf1\xcc\x07k\x8bx\xdf?\x89\x19\xaf\x0f\xed\xcd\
\x07\x9e\x86\xbfs\xa9\x95`\xe7\xf1RO\xe4\x97\xe4~\
\x0d\x0c\xc7\x15\x0f\x86o\xef\x7f\xa9\xf5\x15\x87\xed_\xe3\
\xdbp\xa2\xf6\xc3M\xbc\x1f\xc4H\x923\xf8l W\
u\xa6~\xd7V\x9c\x0dc\xc3\x92/\xf7\x9a\xdau\xc0\
\xff\x00\x802\x92\x7f:\xf8\x8c\xe7\xb5\x07\xa5y\xf5\xf8\
g-\x9f\xd8\xe5\xf4\xb9\xd9O\x881\xf0\xfbm\xfa\xd8\
\xfd#\xd2\xff\x00i\xdf\x85\xfa\x86\x16\xf2k\xcd9\xbf\
\x8b\xed\x10\x9d\x83\xfe\x04\x85\xb3\xff\x00|\xd7\xa7\xe8\xdf\
\x11\xfc\x07\xaf\x80t}~\xc2|\xf2\x17\xcd\x11\xb1\xfa\
,\x9bZ\xbf#\x7f\x13@\x5c6\xee2\x0eA\xff\x00\
\x0fJ\xf2\xab\xf0N\x16_\xc3\x93_s=J<_\
\x89\x8f\xf1\x22\x9f\xe0~\xd3\xab\x06P\xf1\x90\xcaFA\
\x1c\x82=\x8d/|\xe6\xbf\x1f\xb4_\x1ax\xbf\xc3\xac\
\x0e\x85\xac\xdfY\x00s\xb69\x98)\xfa\xa9$\x11\xed\
^\xcf\xa0~\xd4\x1f\x12t\xa2\xa9\xaa\x1bM^!\xd4\
O\x1f\x96\xf8\xff\x00~<e\xbd\xdb5\xe1\xe2\xb8+\
\x17\x1diIK\xf0g\xb3\x87\xe2\xec;\xfe$Z\xfc\
Q\xfa3\x92z\xf3K\x8cq\xd2\xbeV\xf0\xef\xed]\
\xe0\xfb\xed\xa9\xe2=:\xebJ\x90\xe0\x19#\xdb<c\
\xdc\x90\x03\x01\xed\x86\xafz\xf0\xf7\x8f<\x1b\xe2\xb4\x0f\
\xe1\xed^\xd6\xf0\xb7\xf0+\x85\x93\xfe\xfd\xb6\xd7\xfd+\
\xe6\xf1YV3\x0e\xedV\x9b_\xd7s\xdd\xc3\xe6\x98\
Z\xea\xf0\xa8\x9f\xe0u\xdd\x8dKo;\xdb\x5cEq\
\x1f\xde\x89\xc3\x8f\xf8\x09\x06\xa2#\xf5\xa0\x13\x9e\xb5\xe7\
N)\xab3\xd0RpjKt{\x85\x94\xcbm\xe3\
k\x81\x11\x02\x0dsN\x8a\xf2\x10;\xc9l\xc69\x5c\
\xfb\xb2M\x00\xfa-y\xdf\xc6\xcd\x17\xf6\x8b\xd7\xff\x00\
\xb2\xb4\xef\x81\x1e$\xf0\xef\x85!c!\xd5u-f\
\xcaK\xfb\x84\xe9\xe5\x8bh\x03\xacDrKo=q\
\x8c\x0c\xd7Qks\x96\xf0f\xa4>\xf9\xb8\xb8\xd3\xe4\
'\xb4mo3\xe3\xf1\x92\xde<V\xd7\x8e\xbc#}\
\xe2\xed\x22;m\x1f_\xd4\xbc3\xa9\xda\xcc.l\xb5\
\x1d9\x94\x98\xe4\x01\x97\xf7\xb0H\x1a\x1b\x88\xb0\xc7|\
R\xa9S\xd7\x86\x00\x8f\xcf1pq|\xaf}\xbe\xe6\
\xff\x00D~\xbb\x97\xd5\xe7\xa6\xe4\xb6\xbd\xfe\xf4\xbf[\
\x9f2\xcb\xfb/\xf8\xd7Y\xb3k\xdf\x8b\xdf\x1e|q\
\xabB\xb13\xdf\xc5\xa5Om\xa0\xd8\xed\x03s\xfc\xb6\
\x91\xab\xa4`\x0c\xe4\xcb\xc0\x19\xcd~~\xd8\xfc+\xbd\
\xf1\xa6\xad\xab\xf8wO\xfd\x98\xf4\xd4\xb3\xb0\x98\xcc<\
k\xe3\xdf\x14\xde]\xe9\xd2\xda6\xd9 \xb9\x171\xca\
^q4l$\x02\x13\xb4\x83\xb5\x8a\xf3\x9f\xa8?i\
?\x8a\x1f\x14|\x1f\xf0\x87\xc5\xbf\x0c\xff\x00i]\x06\
\xe2\xd7\xc3\x1e\x22\xd3'\xd1\x93\xe2_\x82\x87\x9fo\x0b\
]/\x97\x13\xdfiR8\xba\xb6\xc9\xff\x00Z#y\
Q\x81*\xa4dc\xc1>\x06~\xd7_\x0b\xf5\xef\xf8\
'\xee\xbf\xa1|B\xd1!\xf1\xfc\xbf\x0a4\xeb}\x07\
^\xd0!c\x18\xbe\xd3#\xb8\x8e\xd7N\xbd\x88J\xaa\
\xc6\x0d\xa2-\xed\xb42\x18\xd9\x88\x07h8\x1e\x89\xdc\
\xe8\x9e\x04\xfd\xaf\xdf\xf6\x80\xf8J\x9e\x16\xf1\xc7\xc3u\
\xf0g\x84Q\x9a}\x0b\xc23\x1bX\xc6\x8b4\xd6\xd1\
\xea1\x1b&2\xb5\xc2\xa2$K\x14\xa5\xbeYYO\
\x04\x92\x7f_\xb2+\xf1\xb2\xe7\xe1G\x85\xbe\x0c|+\
\xf8\x7f\xfbl\xfe\xca\xbe\x16\x87\xc3\xba\x96\x8f\xe1\xc5\xf1\
'\x8a<\x22\xd72J\xda\x96\x81\xab\xdbA=\xdc/\
4\xa5\xdc\x1b\x1f,M\x13\x05\x0b\x94c\xb4\xb0\x0a~\
\xb3\xfd\x8f\xa3\xfd\xa4\xbc@\xfe-\xf8\xb1\xf1\xd7\xc4Z\
&\xa3\xa2\xf8\xeb\xfb;Q\xf0\xae\x95\xa0M-\xc5\x95\
\x9d\xa8\x80\x83$\x0f*\xab,w1\x98\x9c\xa1\xc9,\
\x19\xdb\x0c\xc4P\x07\xd4\xfe>\x02?\x0dK~x]\
6{k\xf7#\x82\x12\xdax\xe7\x97\x1fX\xd0\x8f\xa1\
\x22\x93\xc2#\xec\xf7\x9e!\xd3\x17\x88\xed5VxG\
\xb5\xcc0\xdd?\xe74\xaf[\x1e(\xd3\x8e\xb1\xe1\xcd\
SH\x19&\xf6\xcax\x07\xd6H\xca\x8f\xe7\x5c\xa7\x84\
\xb5%\xd4\xfcAw\xa8\xc7\xc4z\x96\x89\xa5\xde\x81\xd8\
\xbc\x86\xe9Y\x87\xfc\x05P}\x00\xae\x984\xe8\xb5\xdb\
_\xc5X\xf3j\xe9\x8a\x8b\xefe\xf8;\xfe\x87\xa6\xd1\
E\x15\xcczG\xff\xd1\xfd\xc6\xf1\xef\x1a\x0c`\xfd\xd7\
\xd54\xc8\xd8z\x86\xbf\xb7R>\x84\x1cRxG\xf7\
\x97^ \xbd\xff\x00\x9f\x8d]\xf9\xff\x00\xae1E\x07\
\xfe\xd2\xc5/\x8e\xf9\xd1-\xd4\xf7\xd5\xf4\xbf\xd3P\x80\
\xff\x00J<\x0f\xf3i\x97\xb2wm_Q\xcf\xfc\x06\
\xeee\xfe\x95\xd3\x1f\xe0|\xff\x00\xcb\xfc\x8f:J\xf8\
\xa5\xe8\x9f\xe9\xfa\x9d\xb5\x14Q\x5c\xc7\xa2|\xab\xf1\x83\
\xf6x\x97\x5c\xf1L\x1f\x1a>\x0e^\xc7\xe1?\x8a:\
Z\xa6\xdb\xe5\x0c\xb6Z\xcd\xbcd\x13\xa7k1G\x83\
=\xbc\x80mY\x7f\xd6\xc2p\xc8x\xda}\x07\xe1_\
\xc5\x1d+\xe2\xf7\x87\xb5\x0b-cJ\x93E\xf1\x0e\x92\
\xe7M\xf1?\x865-\xaf5\x94\xec\x99(\xe3\xeeO\
k:\x1d\xf0N\xa0\xc74G#\x90\xca\xbe\xd3\x5c\xe2\
xcA\x8b\xc4rx\xba-6\xd95\xb9\xed\x16\xc2\
]AcQ<\x96\xd1\xc8dH\x9eA\xf34h\xe4\
\x94RN\xd2\xcd\x8ce\xb2\x01\xf3\xff\x00\xc0\xcf\x81K\
\xfb?x\xbb\xc6^\x1e\xf0D{>\x1fx\xa6\xef\xfe\
\x12->\xc7p\x0b\xa4\xea2m\x8a\xf2\xd6(\xcf?\
f\xb8\x01&\x88.\x04e]1\xf7I\xf6\x8b\xf6\x0b\
\xe3\xdd)\x98\xe1m\xf4\x9b\xf7|\xf4\x1b\xe6\xb3\xdb\x9f\
O\xba\xc3>\x95\xdb\xd7\x99\xf8\x8eF\x8f^\xd5\xe7S\
\xf3[\xf8q\xca\xfdK\xc8O\xfe\x82+J\x0b\xde~\
\x8f\xf1\xff\x00\x878\xf1R\xf7W\xaa\xfc\x1d\xff\x00C\
\xe2\x9f\x19~\xd2?\x0e\xfc=$\xd1Y\xdc\xbe\xb9w\
\xb9\x89\x8e\xcb\x057\x13\x9c\x99\x8e\x13\x1e\xeb\xbb\xe9_\
1x\xab\xf6\x9f\xf1\xf6\xb9\xbe\x0d\x0d`\xd0\xed\x9b\x8f\
\xdc\x8f6lz\x19\x1c`\x1fuPk\xe6\xce\x87\xd0\
Q\xed\xda\xbf\xa9\xb0<-\x80\xc3\xa4\xe5\x1eg\xe7\xfe\
G\xf2F;\x88\xf1\xb8\x86\xf5\xb2\xec\xbf\xcc\xd3\xd5u\
\xadc]\xb9k\xcdj\xf6\xe2\xfaf92\x5cH\xd2\
\x13\xf9\xf4\xfc\xab7\xd2\x8ei9\xeb_G\x18ri\
\x14\xad\xda\xd6<9I\xca\x5c\xce\xf7\xfb\xc7QE\x15\
b\x0a(\xa2\x80\x10zW\xdf\x1f\xb0\x0e\x9c\xb3x\xf3\
\xc4\x9a\xb1\x076\xbaZ@\x0f\xb4\xf2\x86?\xfa(W\
\xc0\xfcW\xe8\xe7\xfc\x13\xd9\x14\xdf\xf8\xe6B9X\xf4\
\xe0\xbfBn\xb3\xfc\x87\xe5_\x19\xc7\xd2k\x22\xafn\
\xc9~)\x1fe\xe1\xfc\x14\xf3\xec:}\xdb\xfb\x93g\
\xe9\xcd\x14\x9b\x97\xaeir+\xf9\x8a\xe7\xf5p\xdcd\
\x9a\xfc\xfa\xff\x00\x82\x80\xe9\x86o\x05\xf8WY\xc7\xfc\
zj\x93[\x13\xe8g\x83\x7f\xf3\x86\xbfA7\x11_\
-\xfe\xd8~\x1b> \xf8\x17\xac\xcb\x0a\xef\x9bH\x92\
\x0dF1\xd7\x029\x02H\x7f\x08\x9d\xcf\xe1_A\xc2\
X\xbfa\x9b\xe1\xe7\xfd\xe4\xbe\xfd?S\xe5\xb8\xcb\x09\
\xf5\x9c\x9b\x11N?\xcb\x7f\xba\xcf\xf4???b\xf2\
\xab\xf1\xf3HV\xefgz\xa3\xeb\xe47\xf8\x1f\xce\xbf\
i\xcfZ\xfc=\xfd\x91\xefV\xcb\xf6\x83\xf0\xb1c\x85\
\x94\xdeB\xdfW\xb3\x9c\x0f\xfc{\x15\xfb\x83\xb8\x1e\x95\
\xf5>)\xc1\xac\xda\x0f\xbc\x17\xe6\xcf\x94\xf0\x92i\xe5\
\x13\x8fi\xbf\xc9\x06G\x15\xf2\xaf\xedm\xf0\x92o\x89\
\xdf\x0e\x1bP\xd2\x223k\x9e\x1dg\xbc\xb3E\x19i\
b`\x05\xc4+\x8eIu\x01\x80\xee\xca\x07z\xfa\xaf\
\xa1\x1cf\x99\xb3#n8\xf7\xfdk\xe0r\xec\xc2\xb6\
\x0b\x13\x0cU\x0d\xe2\xef\xeb\xe5\xf3\xd8\xfd\x074\xcb\xa9\
c\xf0\xb3\xc2VZI[\xd3\xcf\xe5\xb9\xfc\xd7\xe3\xd3\
\xf5\xfc\x7f\xc2\x8201_v\xfe\xd7_\xb3\xbc\xfe\x13\
\xd5.~%\xf82\xd8\xb6\x85\x7f&\xfdF\xda\x11\xff\
\x00\x1e\x931\x05\xa4\xc0\xfb\xb0\xc8\xc3<p\x8f\xc7\x0a\
@\xaf\x84\xfd\xfa\xd7\xf5fI\x9dP\xcc\xf0\xb1\xc5a\
\x9d\xd5\xb5\xf2}Q\xfc\x8f\x9ed\xb8\x9c\xaf\x15,&\
%Y\xdfO5\xd1\xfc\xc5\xa2\x8a+\xd8\xba<\xa0\xa2\
\x8a)\x80QE\x14\x00\x9d\x07\x14\xf8\xdd\xe3\x7f26\
1\xb8\xfe%\xc8?\x98\xe74\xda*\x1a\xe6\x5c\xad]\
\x02n.\xebs\xd7\xbc/\xf1\xd3\xe2g\x85\x0aGm\
\xaa\xb5\xf5\xb2\xf1\xf6{\xf1\xe7.=\x03\x13\xbdG\xb2\
\x91_KxO\xf6\xad\xf0\xf5\xf9Ko\x17\xe9\xf2\xe9\
r\x1c\x03=\xb93C\xf5a\xc3\xa8\xf6\x01\xeb\xe0\x9c\
\x1e\x05/\xbdx\xb8\xde\x1d\xc1bu\x94,\xfb\xad\x19\
\xea\xe0\xf3\xdcf\x1fE=;=Q\xfb\x93\xe1\xaf\x13\
\xe8\x9e)\xf8{e\xac\xf8z\xf6\x1dB\x0b}{O\
D\x9a\x06\xce\xd2\xf7\x96\xea\xca{\xab\x14\x94\xe5[\x07\
\x0d]o\xc7\x8b\xef\x18i\xff\x00\x04~ j?\x0f\
K\xaf\x89\xed|5\xa9\xcf\xa3\x98F\xe9>\xd8\x96\x92\
\xb5\xb9\x8cw\x93x]\x83\x1f{\x19\xaf\x8f\xff\x00c\
\xf6?\xf0\xa3u\xe4\xe7\xf7^-\xb4\x91}\x06\x1e\xc0\
\x8f\xd5k\xf4d\x8c\xf3\xe8x\xfc\xeb\xf9\xa3\x88\xf0\x91\
\xc3cjP\x8b\xbaRj\xff\x00s\xfdO\xea\x0e\x13\
\xc6O\x15\x97\xd2\xad%f\xe2\x9d\xbem\x1f\x93\x9f\xb2\
\xa7\xec\xe5\xfb\x17|r\xf8]\xe0?\x8aWP\x1f\x17\
\xf8\xbek\x1bk\x9d^][Z\xbd\xb9\xb9\xfe\xd7\x89\
\x14\xde-\xc5\xab\xddl\xe2\xe1\x5c\x841l+\x86\x00\
\xa9\x04\xfd\xd5a\xfb2\xfc\x14\xd3>&x\x9f\xe2\xcd\
\xa7\x86-W^\xf1\x96\x93\xfd\x89\xad\xee\x1b\xadn\xad\
K#8\x92\xd4\xe6\x12\xd2\xf9h\x1d\xb6\xe5\xb6\x8c\xf7\
\xcd\x7f\x06\xfe\xca\x7f\xb3\xc7\xc3\xff\x00\x1c_|H\xf0\
\x87\x80t};\xc4\x9a\x85\xc1\xba\x92\xfd#.\xf1\xca\
\xc4\x96x\x16B\xd1\xdb\xb1,raT\xceH\xf5\xcf\
\xd0\xf5\xe1\x9fV|\x7f\xfbX\xfe\xca6?\xb4\x8f\xc3\
\xab\x1f\x0ah\x1a\xdc\xbe\x08\xd74G\xd9\xa4\xea\xd6\x08\
\xd8\x86\xd6dXn\xec\xe4\x8a)\x22\xf3-\xa7\x80\x05\
1\xee\x03r!\xfb\xa0\x83\xed_\x05>\x15i?\x04\
~\x15x_\xe1>\x85s=\xf5\x97\x86t\xf4\xb2K\
\xab\x9f\xf5\x92\xb2\xe5\x9eB\x06B\xefvb\x14p\xa0\
\xed\x1c\x0a\xf5j(\x01\x8d\xde\xbcg\xc0#\xec\xf2x\
Q;\xcf\xe1\x7f-\xbe\xb6\x8dn\xbc\xfd\x0c\xc7\xf35\
\xec\xb5\xe3>\x118\xd5|(\xbd\x93G\xd5\x97\xf0[\
\xab0?,WM\x05\xfb\xa9\x7f]\x1b\xfd\x0f7\x16\
\xff\x00{\x07\xfdj\xd2=\xaa\x8a(\xaec\xd2?\xff\
\xd2\xfd\xc5\xf1\xe1\xc6\x85\x01\x1d\x7f\xb5\xb4\xbf\xd7P\xb6\
\x1f\xe3G\x82\xb0\x96\xba\xa4\x1d<\xadZ\xf3\x8fM\xf3\
4\x9f\xfb>i|{\x81\xe1\xa9n\x0f\x22\xd2\xe6\xd2\
\xed\xbf\xdd\xb7\xba\x8aV\xfd\x10\xd2x[\x09\xacx\xa6\
\x0f\xe1\x8fVL\x0f\xf7\xec\xadd?\xab\x1a\xe9K\xf7\
\x1f7\xfa\x7f\x99\xe6\xcd\xdb\x16\xbd\x12\xfc\xdf\xe8v\xf4\
QEs\x1e\x90QFh\xa0\x08\xeb\xce\xf5\xbbc?\
\x8be\xb3\x1f{Q\xd0.#P{\xf9R\x22\xff\x00\
\xedq^\x8aNk\x8b\xd51\x17\x8d\xf4+\x898I\
,\xb5\x0bE?\xf4\xd2F\xb5\x99G\xfd\xf1\x03\x1a\xbc\
;\xf7\x9f\xcf\xf0W\xfd\x0e\x5cW\xc2\xbdW\xe2\xed\xfa\
\x9f\xcf\x17S\x8e\xe3\xb57=q]\x17\x8b\xb4\xd6\xd1\
\xfcY\xaci\x0c\x02\x9b\x1dF\xea\xd4\x8e\x981L\xc9\
\xd3\xf0\xae{\x1cc\xbd\x7fdQ\xa8\xaaAT\x8e\xcf\
S\xf8\xaa\xad7\x09\xb8=\xd6\x82\xd1E\x15\xa8\x82\x8a\
(\xa0\x02\x8a(\xa0\x04\xc7Z\xf6\x9f\x81\x1f\x19u\x7f\
\x82\xfe2\x8f\x5c\x81Z\xe3K\xba\xdb\x06\xa7f\xbf\xf2\
\xd6\x1c\x92\x19s\xc7\x9b\x19\xcb!>\xa5I\x1b\x89\xaf\
\x15\x00\xfe\x14d\xfaW\x1e7\x05O\x17Fxz\xca\
\xf1j\xcf\xcf\xd3\xcc\xe8\xc0\xe3\xabaq\x11\xc4\xd0v\
\x94]\xd7\x97\xfc\x0e\xe7\xf4]\xe1\x7f\x14h~4\xd0\
-<K\xe1\xcb\xa4\xbc\xd3\xaf\xe3\x12C2\x1e\xa3\x90\
A\xee\xac\xa4\x15e<\x83]\x12\x9f\xe1=k\xf1+\
\xf6l\xfd\xa0.\xbe\x0d\xeb\xedc\xad\xbd\xc5\xc7\x86u\
\x16\xc5\xd5\xbcd\x1f*N\x07\xda\x11\x0a\x9c\x900\x19\
T\x8d\xc3\xd4\x8a\xfd\x9b\xd0<A\xa2\xf8\xa3H\xb6\xd7\
4\x0b\xb8\xaf\xac.\xe3\xf3!\x9e\x16\x0c\xac\xbf\xcf#\
\xa1\x07\x90z\x8a\xfea\xe2\xae\x16\xc4d\xf8\x9eW\xad\
9|2\xfd\x1f\x9a?\xa9\xf8O\x8a\xf0\xf9\xce\x1b\x99\
iR?\x14\x7fU\xe4\xcd\xcf\x7fJ\xe7\xbcQ\xe1\xfb\
_\x15xoT\xf0\xd5\xee~\xcf\xaa\xdaMg)\xc6\
HY\x90\xc6H\xfa\x03\xc7\xe7]\x09\xf4\xa0\x1a\xf9\x98\
I\xc1\xa9\xc3u\xaa\xf9\x1fWR\x9cg\x07\x09\xedf\
\x9f\xa3\xd0\xfc\x0a\xf8a=\xd7\x80~6xu5Q\
\xe4M\xa5k\xf0\xda]\xe7\xf8?}\xe4\xca?\xe0#\
u~\xfa\x0d\xa0\x13_\x8b\xbf\xb67\x82\xe6\xf0w\xc6\
\x8b\xcdb\xde1\x0d\x9f\x88#MF\xdd\x90\x15\x1eh\
UI\xc09\xfb\xe2E\xde\xd8\xfe\xf85\xfa\xcf\xf0\xcf\
\xc5\xd6\xfe:\xf0\x0e\x81\xe2\xcbf\xde5+\x18\xa6~\
\xe5d\xdb\xb6T8\x00e$\x0c\xa7\xdcW\xe9\xfe!\
Ic\xb0\xd8L\xd6\x1fn6~O{~\x7fq\xf9\
G\x86\xf1x\x1cV/)\xa9\xbc%u\xe6\xb6\x7f\xa3\
\xf9\x9e\x81E&G\xad.E~as\xf5\xd36\xf2\
\xc6\xd6\xfe\xd6[-B(\xe7\xb6\xb8\x8d\xa3\x9a)T\
2:0\xc3+)\xe0\xa9\x1c\x10s\x9c\xd7\xe4\xdf\xed\
%\xfb)j>\x03\x9a\xe7\xc6\xdf\x0f`\x92\xf3\xc3n\
Z[\x9b5\x05\xe5\xb1\xcfS\x81\xf3<\x1e\x87\x96Q\
\xc1\xcf\x04\xfe\xb9q\x8f\x5c\xd4L\x88\xeaQ\xc0e<\
a\xb9\xfa\xf5\xea+\xdc\xe1\xee$\xc5\xe5\x15\xfd\xb5\x07\
\xa3\xde=\x1f\xf5\xdc\xf9\x9e#\xe1\x9c\x1eqC\xd8\xd7\
V\x97IuG\xf3d8\xc7\xb5:\xbe\xd8\xfd\xb2\xfe\
\x11x;\xc0:\xfd\x87\x89<3=\xb5\x8b\xeb\xae\xe6\
M\x1a\x14 \x82\x83-p\xbf1T\x8c\xb1\x0aT\x05\
\x1b\x8f\x00\x80q\xf1/lW\xf4\xeeK\x9b\xd2\xcc\xb0\
p\xc5\xd0\xbaO\xa3\xfb\x9f\xe2\x7f,gYE\x5c\xb7\
\x19<\x1d{6\xb7k\xad\xf5_\x80\xea(\xa2\xbds\
\xcc\x0a(\xa2\x80\x0a(\xa2\x80\x0a(\xa2\x80?O\xbf\
dX\x1e\x1f\x80\xda\x9c\xad\xd2\xe7\xc6Vj\x0f\xaa\x99\
\xb4\xe8\xff\x00\x9ek\xf4O\x15\xf0\xf7\xec\xc5\xa6=\xb7\
\xc0_\x08Z\x90\x03k\xbe!{\x91\xee\xb6\xd7/6\
O\xfc\x06\xd3\xf9W\xdc\x19\xe75\xfc\xa3\xc5s\xe6\xcd\
+\xff\x00\x8d\xfev\xfd\x0f\xeb>\x0c\xa5\xc9\x95\xd1\xff\
\x00\x04\x7f\x1d\x7fQ\xc1\xd4\x92\x01\x07o\x07\xdb\x8c\xff\
\x00*\x5c\x8a\xf9\xda\xf7E\xf8\xa9\xe1/\x88\xde#\xf1\
\xee\x95(\xd7\xbc5\xa9\xbd\xa9\x7f\x0eD\xca\xb7\x09\xe4\
[$Os\x03H\xbbZRT\x83\x0e\xe5\xde\xa8\xbc\
\xe4\xe2\xbb]\x1f\xe37\xc2\xddj\xcc]\xdbx\x9fK\
\xb7pY%\xb7\xbb\xb9\x8a\xde\xe2)\x11\x99^9a\
\x95\x95\xd1\xd1\xd4\xab\x02;w\x18'\xe7O\xad\xba=\
W\x22\x8a\xc9\xd1\xb5[-wH\xb2\xd74\xd9<\xdb\
=F\xda+\xbbw\xe9\xba)\x90:7\xe2\xac+Z\
\x80#8\xc8\xaf\x1b\xf0q\x12_xFe\xe4I\xa0\
\xdf\xceq\xe94\xf6N\xbf\xcc\xd7\xb0M\x22E\x13\xcb\
!\xc2\x22\xee&\xbc\x83\xe1\xca9\x97D\x8eA\x87\xb0\
\xf0\xa5\x80p{\x1b\x82\xc3\xf56\xe7?\x85uQ\xd2\
\x9c\xbf\xae\x96\xfdO;\x13\xadX/\xeb{\xfe\x87\xb3\
\xd1E\x15\xcaz'\xff\xd3\xfd\xd2\xf1\xad\x8c\xda\x8f\x84\
5\xbd>\xdb\xfdu\xd6\x9dq\x14\x7f\xef\xb4l\x17\xf5\
\xac_\x0c_\xdb\xdd\xf8\x97V\x96\xd8\xfe\xe6\xfe\xc7O\
\xd5\x14\xfa\x99\xd6h\x89\xff\x00\xbe J\xef\x9b\x9e\xbc\
\xe6\xbco\xc1\xe7\xec7~\x1b\x88\x0d\xa9\x1d\x8d\xf6\x83\
#\x1f\xe3\x97N\x99R\x0c\xff\x00\xdb8g\x7f\xc4\xd7\
M\x1b\xbaR\x8f\xf5\xdd\xfeG\x99_J\xd0\x97\xf5\xd9\
~g\xb5QFE&Es\x1e\x99\xe4\x7f\x17\xbe3\
x#\xe0\xa7\x86S\xc4\x9e4\xb9\x91\x05\xcc\xc2\xda\xc6\
\xca\xd9\x0c\xb7Ws\x9eDPD9v\xee{\x0e3\
\xc9\x00\xf8.\x85\xfbZx\xafP#S\xd5\xfe\x0b\xf8\
\xdbM\xd09o\xed%\x8a9\xe4\x09\xfd\xe3h\xbbg\
\xc69 \x02G\xbdz\x7f\x88\xbc;\xe1\xab\xcf\xda\x07\
H\xf1\x07\x8b\xda\x07:g\x86&}\x01.\xf6\xf9Q\
\xcd\xf6\xa0/\xe6M\xfc\x09R'\xb6]\xddB\xb3c\
\x8c\xe3\xd14\xbf\x8a\x1e\x01\xd7<Ms\xe1=\x17^\
\xb1\xd4/\xec\xac[Q\xb9[[\x88\xe5XaWX\
\xc9\x95\x91\x88B\x18\xf48\xe2\xabB5:\x0f\x0fx\
\x93C\xf1~\x87i\xe2O\x0e^G\x7f\xa6\xdf\xc6$\
\x82x\xf3\x86\x5c\x95 \x83\x86\x0c\xa7*\xca@*\xc0\
\x82\x01\x04VO\x8c\xb1j\xda.\xb4y\x1a~\xad\x06\
\xe1\xeb\xf6\xb0\xd68\xfc\x0d\xc8o\xc2\xbc\xff\x00\xe0\xce\
\xbb\xa0\xeb\x9a\x87\x8f\xa4\xf0\xae\xf3\xa4\xa7\x89\xdd\xad\x18\
D\xf1\xc0\xfb\xac\xad>\xd1%\xb32\x84\x929/\x16\
\xe1\x8b!!\x9c\xb3t`O\xabx\x9fJ\x9b[\xf0\
\xee\xa3\xa5\xdb\xb7\x97qqo\x22A!\xfe\x09pL\
o\xf5G\x0a\xc3\xe8(\xa3h\xcd7\xb6\xcf\xd1\xef\xf8\
\x19b`\xe5M\xa5\xba\xd5z\xadW\xe2\x8f\xc4\xcf\xda\
\x8b\xc3\x8d\xe1\x9f\x8e\x9e*\xb5\x0aV;\xcb\xa5\xd4#\
`:\x8b\xa8\xd6V#\xfe\xda3\x0f\xc3\xde\xbc\x07\xaf\
\xe1_{\xfe\xdb\xda\x22\xear\xf87\xe2\xad\xa4L\x90\
\xebZ\x7f\xd9'\x04}\xc7\x8c\x09\xa2V\xff\x00k\x12\
H\xa7<\xfc\xa7\xd2\xbe\x07\xfe\x1a\xfe\xa8\xe1\x0cg\xd6\
r\x9a3\xea\xa3g\xeb\x1d\x19\xfc\x95\xc5\xd8\x1f\xabf\
\xd5\xe9\xad\x9c\x9c\x97\xa4\xb5_\x98\xea(\xa2\xbe\x98\xf9\
\xc0\xa2\x8a(\x00\xa2\x8a(\x00\xa2\x8a(\x01\xa7\x9a\xf7\
/\x83\xff\x00\x1b<}\xf0^\xe95=\x0e_\xb5\xe8\
\xb73\x14\xba\xd3f$\xc1#(\x05\xb1\x8ec\x97i\
\x05Xc=\xf23^\x1b\x81\xda\xbe\x88\xfd\x9c\xf4\x1d\
\x0f\xe2\x0f\x88\xf5?\x85\x1e#\x7f&\xdf\xc4\xd6.\xf6\
W\x0a>h/\xec\xd5\xa6\x82U\xcf\x5cG\xe6\xa9\x1d\
\xc3c\xbdx\x99\xfa\xc3\xfdFo\x17\x0eh-Z\xf2\
\xea\xd7\x9aZ\xe8z\xdc?\xf5\x8f\xafB8I\xb8M\
\xe8\x9f\x9fK\xf9_MO\xd5_\x84\xbf\xb4\x0f\xc3\xff\
\x00\x8b\xd6h4K\xc5\xb4\xd5\x82\xe6m*\xe8\x85\x9d\
OS\xb3\x9cJ\xb9\xe8\xcb\xdb\xa8\x15\xeed\x9ey\xe9\
\xd2\xbf\x9f\xbf\x1f\xfc;\xf1\xc7\xc1\xaf\x15\x9d+^\x8e\
k+\xa8_\xcc\xb3\xbd\xb7,#\x99\x17\x95\x92\x19F\
28\x19\xe8A\xe0\x8e\x95\xf4\x8f\xc2\xff\x00\xdbo\xc7\
^\x14\x11i^<\xb7\x1e%\xb1\x5c/\x9e[\xcb\xbc\
Q\xee\xff\x00v@\x07?0\xdczdW\xe3y\xbf\
\x872\x9d?\xaed\xd59\xe0\xf5J\xfa\xfc\x9e\xcc\xfd\
\xb3%\xf1+\x92\xa7\xd53\xa8rMh\xdd\xba\xf9\xae\
\x87\xd8\x9f\xb5\xf7\xc3\x06\xf8\x83\xf0\xb2}SO\x88\xc9\
\xabxd\xb6\xa1n\x14e\x9a\x1c\x0f\xb4\xc6=r\x80\
8\x1d\xca\x01\xde\xbet\xfd\x87\xbe0\xc3aqq\xf0\
\x93_\x9fb]\xc8\xd7zC\xb9\xf9D\x84fh\x01\
<\x0d\xd8\xf3\x10w;\xbb\x90+\xeco\x00~\xd0\xff\
\x00\x09~%F\x90h\xda\xdc6\xd7\xd2pl\xb5\x0d\
\xb6\xf3d\xff\x00\x08\x0ev\xb9=0\xa5\x8e:\x8a\xfc\
\xb8\xfd\xa4>\x15\xdf|\x17\xf8\x9an\xf4-\xf6\xfaN\
\xa1/\xf6\x96\x8fq\x0eW\xc9`\xc1\xa4\x89Xth\
_\x05}\x15\x94\xf5\xcd_\x0ca\xe5\x8b\xc2T\xe1\xdc\
\xc6.\x12z\xc2\xfa4\xfa\xa5\xf9\xfd\xe6<W\x89\x8e\
\x0f\x1bK\x89\xb2\xd9\xa9Ei;;\xa6\xba7\xf9y\
h~\xde\x0c\x1ep9\xa5\xaf\x8f\xff\x00f\xcf\xda[\
M\xf8\xa5\xa6C\xe1\x8f\x14L\x96\x9e,\xb4@\x0a\x9c\
*\xde\xaa\x8f\xf5\xb1\x0c\xe0I\x81\x97\x8c}G\x19\x0b\
\xf5\xc5\xc5\xd5\xad\x95\xbc\x97\x97r\xc7\x0c\x10\xa9y%\
\x95\x82\xa2\xa8\xe4\x96f\xc0\x00\x0e\xa4\xd7\xe6\xf9\x96W\
\x88\xc0b\x1e\x17\x11\x1fyt\xef\xe6\xbb\xdc\xfd7+\
\xcd\xf0\xb8\xfc2\xc5a\xe5x\xdb~\xdeO\xb3D\xe4\
\x8e\xa0\xf5\xeb^\x07\xf1\xb3\xe3\xff\x00\x83\xfe\x0ci.\
o\xe4[\xfdrt\xcd\xa6\x97\x13\x0d\xed\xe8\xf2\x11\xfe\
\xae1\xfd\xe3\xd7\x8cz\x8f\x99~8\xfe\xda\xb6\x9ay\
\xb8\xf0\xcf\xc2=\xb7WC1\xcb\xadH3\x14g\xb8\
\xb7O\xf9h{o#o\xa0\xe8k\xf3WV\xd5\xb5\
-{S\xb8\xd65\xab\xa9\xafon\x9c\xbc\xb7\x13\xb1\
y\x1d\x8fvc\xc9\xaf\xd0\xb8W\xc3\x9a\xb8\xb7\x1cN\
d\x9c!\xbf/W\xfeK\xf1?9\xe2\xcf\x12\xa8a\
T\xb0\xd9cR\x9e\xce]\x17\xa7w\xf8\x1d\x07\x8f<\
w\xe2O\x88\xfe'\xbb\xf1g\x89\xee~\xd1{tp\
\x14}\xc8\xe3^\x15#^\x81\x10p\xa3\xd7\x93\xcek\
\x8f4\x1a\x0e{W\xef\x94(\xd3\xa1N4\xe9$\xa3\
\x15d\x96\xc9\x1f\xcf\xf5\xebT\xadRUj\xb6\xe4\xdd\
\xdb{\xb6-\x14Q[\x10\x14QE\x00\x14QE\x00\
7\xb6)I\x00d\xd0:\xe6\xbd\x13\xe17\x84\x9b\xc7\
\x7f\x12<9\xe1E\x8c\xc9\x1d\xfe\xa3\x1a\xce\xa3\xfex\
!\xf3'\xe3\xda$c\xf5\xaelV&\x18zr\xab\
Sh\xa6\xdf\xa2\xd5\x9aa\xb0\xf3\xc4T\x8d\x1az\xb9\
4\x97\xabvG\xecO\xc2\xcf\x0f\xbf\x87\xfc3\xf0\xd7\
\xc2r\xa6\xd94\xcd\x16MF\xe0c\xee\x5c\x98\xa3\x89\
\x81\xff\x00{\xeds\x1e{\xaf\xb5}\x0a\x06:c\xf0\
\xae\x1b@+\x7f\xe2\x8d{WE\x228\x1a\xdfJ\x84\
\xff\x00\x09\x16\xe8f\x91\x94\xff\x00\xd7K\x86\x8c\xfb\xc7\
\xed]\x85\xc5\xccV\x90\xc9sp\xc1\x22\x89Y\xdd\xdb\
\xa0U\xea\x7f*\xfeA\xc7V\x9dJ\xaes\xdd\xea\xfd\
[o\xf5?\xb2\xb2\xda\x10\xa5EB\x1b-\xbd\x12K\
\xf4>\x16\xbd\xd3~+|r\xf8\xa3\xe3\x9f\x06A\xe3\
\xe9<;\xe0-'T\x16\xd2[i0:\xeaS\xf9\
v\xb6\xcb<\x02\xf1\xa3\x11E\x10\x94\xb6B3>Y\
\xbam\xcdz\xbd\xaf\xecw\xfb5\xc5\xa6\xc7\xa5\xdd\xf8\
\x0bH\xd4Y\x14\x86\xbb\xbf\x8c\xdc\xdd\xc8\xc7\xab\xc9q\
!2;\x9e\xbb\x89\xcdy\x07\xc3\xbds\xf6\xb0\xf0\xff\
\x00\x84\xac\xf5\xdd\x0b\xc2>\x15\xf1&\x85\xe2\x07\x9f\xc4\
P\xc3\x1d\xec\xd6\xda\x90\xfe\xd7\x99\xf5\x02\xb2\xf9\x83\xc8\
.\x0c\xe4pp1\x8e\x82\xbb\xbb\x7f\xdaG\xe2\x15\xbe\
\xa9\xa6x{\xc6\x1f\x08<G\xe1\xdb\xfdZ\xfe\xdbM\
\xb7\xbby!\xbc\xd3\xe3\x92\xe6U\x8dd\x9a\xe2\x03\x84\
\x8dI\xc9\xeez\x0eM`\xef\xd0\xee\xd3\xa9\xf5\x1f\x87\
4;o\x0c\xf8\x7fL\xf0\xe5\x91co\xa5Y\xc3e\
\x11ld\xa4\x11\x88\xd4\x9cq\x92\xaa3[\xf4QR\
hq\xbe<\xb8\x9a\xdb\xc1\x9a\xec\xd6\xc7\x13\x8b\x09\xc4\
_\xf5\xd1\xa3!\x00\xfa\xb1\xe2\xa9\xf8r\x08\x87\x89\xf5\
\xd9 \x1bc\xb2\x8a\xc7KU\xff\x00\xae1=\xc0\xff\
\x00\xc7n\x87\xe5N\xf1\xa6n-t\xdd!3\xe6j\
:\xad\xa2\xa8\xecV\x09E\xdc\xa0\xfb\x18\xa0~=\xf1\
Rx'\xf7\xf6\x9a\x8e\xac\xdf\xeb5\x1dV\xeaC\xe8\
V\x09\x0d\xacDz\x83\x14\x08s\xef]1\xd2\x8b\xf3\
\xff\x00=?#\xcc\x9e\xb8\xa4\xbb$\xff\x00\x0d\x7f3\
\xb8\xa2\x8a+\x98\xf4\xcf\xff\xd4\xfd\xf8 g\x1d\xab\xc5\
\xb5P4\x9d[T\x99\x0f\xcd\xa4\xea\xd6:\xdcK\xd1\
\x12\xda\xf5\x0d\x9d\xcb\x1f\xf7@\xb9\x90\xfb\x90k\xda7\
v\xaf9\xf1~\x9diq\xac\xe9\xebz\x0f\xd95\xab\
k\xad\x0e\xef\x1c\x02\xb3\xc7\xe6\xc4\xce\xdd\x80\xf2\x9e5\
\xff\x00j^9\xad\xf0\xb2\xf7\xec\xfa\xaf\xf8/\xfc\xbe\
g\x9f\x8f\x83\x94/\x1d\xd3\xd3\xe7\xa5\xff\x00_\x91\xe9\
\x03\x1d\x8f\xe7F8\xc7\xa5r\xfe\x11\xd4nu_\x0e\
Y\x5c_07q\xab[^c\xa7\xda s\x0d\xc0\
\x1e\xc2Tp\x0f\xa6\x0du\x00\xe2\xb9\xe6\x9an/t\
u\xd3\x9a\x9aS[=O6\xf8\x97\xf0\xa3\xc0_\x17\
4x4?\x1f\xe9k\xaaZ\xda\x5c\xad\xdc\x0b\xe6I\
\x0b\xa4\xaa\x0a\xe4I\x13+\x80\xca\xc5Xg\x0c:\x8e\
+\xe3\xbd7\xe2/\xec\xcf\xf0\xcb\xc57\x1a_\xec\xf7\
\xe0\x0b\xaf\x15\xf8\xa6\xc9%\xd3\xae\x8f\x84\xac\x8bDC\
\xed-\x0d\xdd\xf3|\x8c\x9b\xa3S\x9c\xb8\x04d\x11\xcd\
}\xe9\xe2\x1d6mgA\xd4\xb4x&ki/\xad\
'\xb6I\xd3\xefF\xd2\xa1Eq\xee\xa5\xb3\xf8W\xcf\
\xbf\x06|]\xf0\xbf\xc0\x1f\x0b\xb4\x9f\x0b\xdf]i\x9e\
\x13\xbd\xf0\xd5\xa4V\x1a\xce\x9fu*[I\x05\xe4(\
\x16w\x93~\xd3 \x95\xd4\xc8\xb2\xf2$R\x1c\x12\x1a\
\xad2\xde\xe5/\x86z\xff\x00\xed\x17\xaex\xfe\xd7Y\
\xf8\x83\xe0\xfb\x0f\x09xB\xe6\xc6k84\xcbk\xc1\
uw\x0d\xc6D\xd1\xcfrc\x02\x1d\x81#h\x86\xcc\
\x10\xce21\xd3\xea\xac\x8a\xf0=g\xe2\xe6\xa1\xadh\
\xd7\xe9\xf0\x8b\xc3z\xb7\x89\xb5\x16\xb7\x95l\xee\xc4\x22\
\xcfO\xf3\x8a\x93\x1b5\xcd\xe9\x85$@\xc4\x12b\x0f\
\x9ex\xeb^\xcd\xa3\xde\xb6\xa7\xa5\xd9\xeaoo%\xa3\
]A\x1c\xc6\xdea\xb6H\x8c\x8a\x1c\xa3\x8e\xce\xa4\xe1\
\xbd\xc5'\xb8\xd6\xc7\xcb?\x1c\xfc\x00|c\xf0\xb7\xc6\
\x9e\x0b\x897\xdfhR\xff\x00\xc2E\xa4(\x19b\x92\
\x97\x9d\x80\xf5f\x7f\xb5B\xab\xd8l\xaf\xc6q\xda\xbf\
\xa1_\x15\x81\xa5_\xe9\xfe,U\x02;7kK\xfe\
x\xfb-\xcb*\x97=\xbfu*\xa3\xb3\x1f\xba\x82L\
u\xaf\xc5\xff\x00\xda;\xe1\x9b|.\xf8\xa9\xaah\xd0\
C\xb3K\xbfc\xa8i\xb8\x1f/\x911$\xa2\xff\x00\
\xd7&\x06<u\xc0\x07\xbd~\xd1\xe1\x86r\xb9\xa7\x81\
\x9b\xd5\xfb\xcb\xd7D\xd7\xe4\xcf\xc1|T\xc9\x1cy1\
\xf0ZG\xdd~\x9b\xa7\xf9\xa3\xc2\xe8\xa2\x8a\xfd\x9c\xfc\
f\xe8(\xa3\x22\x8c\x8aWC\x0a(\xeb\xd2\x8ai\xdf\
`\x0a(\xc8\xa2\x8f N\xea\xe81\x8a\xf4_\x84:\
\xeb\xf8k\xe2\x9f\x85u\xb4}\x82\xdfV\xb6\xf3H\xff\
\x00\x9eO\x22\xa4\xa3\xf1\x8d\x98W\x9c\xff\x00\x11\xa9`\
\x9aH.#\xb8\x8b*\xf18u#\xa8`A\x07\xf4\
\xael^\x1e5\xe8N\x84\xf6\x92k\xefV6\xc2W\
\x95\x0a\xd1\xaf\x0d\xe2\xd3\xfb\x9d\xcf\xe8g\xc6>\x04\xf0\
\xaf\xc4\x0d\x1aM\x07\xc5\xbad\x1a\x8d\x9b\x9c\x85\x90|\
\xc8\xdf\xdf\x8d\xc6\x1a7\x1d\x8a\x90}\xf9\xaf\xcf\xff\x00\
\x1f\xfe\xc17bIo>\x1akhcbJXj\
\xb9\x05}\x84\xf1\x83\x90\x07@S>\xacz\xd7qu\
\xfb\x7f\xf8\x09Su\x97\x86\xf5\x89\x1f\xd2S\x0a\x0f\xcc\
;\x7f*\xe05\x9f\xf8(&\xac\xea\xd1\xf8\x7f\xc1\xf0\
E\xfd\xd9o.\x9aO\xfc\x86\x88\xbf\xfa\x15~\x05\x91\
\xe5\x1c[\x97\xce\xd8Zn+\xb3\xb7/\xdc\x7fBq\
\x0eq\xc1\xf9\x84o\x8c\x9ao\xbcos\xe7]O\xf6\
O\xf8\xf9\xa5\x5c\x14_\x0bIt\x10\xe1f\xb4\x9e\x17\
S\x8fO\xde\x07\xfcH\x06\xa0\xf1\x0f\xc3O\x8fV\x1e\
\x1b\x87I\xf1\xd7\x9b\xa7hv\xd2y\xb0G\xac\xdf\xc0\
\xb1\xc4\xea\xa5s\x14o)}\xc5IR\x11y\x1e\xb8\
\x15\xaf\xe2\xaf\xda\xfb\xe3\x9f\x89\xd4\xc5\x0e\xaf\x16\x89n\
\xfc4Z\x5cK\x1f\x1e\xd2>\xf9\x01\xfa0\xaf\x9c\xb5\
][U\xd7o\x1e\xff\x00\x5c\xbd\xb8\xd4.\xa49i\
\xee\xe4i\x5c\xfb\x96bI?Z\xfd[/\xc3gU\
Z\x96a\xc8\x9a\xda\xca\xed~\x88\xfc\x870\xc4d\xb4\
y\xa1\x96\xfbF\x9e\xf7vO\xe5\xbb$2>\x87\xa8\
\xc5s\xa4j\x1b\xee-d\x12Euh]\x02\xb2\x90\
U\xa3f\x0a\xf9\x04\x0ep\xbd1\xef^\xb9\xe3\xef\xda\
\x1f\xe2\x97\xc4\x8f\x0e\xd8\xf8_\xc4z\xa6lm\x10$\
\xcb\x00\xf2\xcd\xdb\x02J\xbd\xc6\x0f\xce\xca0\x00\xe1r\
2F\xec\x93\xe1\xe4\x16\xfcz\xd2`\x9e\x7f:\xfa\x0a\
\xf9v\x1e\xb4\xe1V\xbcT\xa5\x1d\x9b[\x1f?G2\
\xc4\xd0\xa5*Tf\xe2\xa7\xbaOq\xd4QEz\x07\
\x18QGJL\x8a\x16\xbb\x00\xb4QE\x01p\xa2\x8a\
(zn\x01E\x1d\xb3E\x02\xba\x10p+\xee\xef\xd8\
\x97\xc2\xd1Yj>$\xf8\xb7\xaa\xc4\xcfi\xe1\xdb6\
\xb5\xb7\x00e\x9aiT\xc9'\x97\xea\xe20\x14\x0e\xfe\
e|+o\x04\xf7W\x11Z\xdb\xc6\xd2\xcf;\x88\xe3\
E\x19,\xccp\x14\x01\xc9$\xf0\x07\xad~\xdb\xfc,\
\xf8q\x0f\x81\xfc%\xe1_\x85\xa8\xab\xe7Z\x22k\x9a\
\xfb\xa79\x9f\x7f\x99\x0cd\xfa\xb5\xc0\x1b\x1b\xba[\x95\
=E~y\xe2.m\x1c._\xf5H\xbfz\xa7\xe4\
\xb5o\xe7\xb7\xcc\xfd\x0b\xc3\x9c\x9aX\xac\xc7\xebR^\
\xed?\xcd\xe8\x97\xeb\xf2=\xcb\xc2ZU\xc6\x91\xa0Z\
Y\xde\xed7\x844\xf7\x85~\xe9\xb9\x9d\xcc\xb3\x95\xff\
\x00g\xccv\xc7\xb6=+\x90\xf8\xc8|_'\xc3\xcd\
[N\xf0\x16\x9f\x16\xa9\xafjH,\xed-\xae\x0e\xd8\
\x18J\xdbfi\x9f#lk\x09rO~\x14|\xcc\
+\xd4\xf23\xcf\x1d\xeb\xe5\xcf\x89\x1a\xa7\x855\xdf\x89\
rx\x7f\xc7~*\x7f\x09\xe9^\x10\xd3-\xb5\xd8V\
+\xdf\xec\xe9/$\xba{\x98\xa4\x91\xee\x03#\xb5\xbd\
\xbaD\x14\xc6\x87\x05\xe4\xcb\xfd\xd4\x07\xf9\xcf\x9d\xcaN\
_3\xfaj\x10T\xe2\xa2\xba+\x1c\x07\x86\xfe;x\
\x83\xe1\x0e\x93\x0f\x87~#\xfc\x1c\xf1\x1f\x85\xf4\xbb1\
\xb2;\x8d\x0d\x86\xb3\xa7\xc2\x80\x0f\xba\x22m\xd6\xf0(\
\x18T\xe7oL\x0ek\xdc\xfe\x1e|x\xf8E\xf1\x92\
\xf4i\x1e\x04\xd5\x93[\x9e\x08\x8d\xf5\xc4F\x09c6\
\xdeL\x88\x14\xca\xb3\x22l\x7f4\xae\xc1\x82IRG\
L\xd7\xcf\xfaO\xc7\xdf\x8c\xbf\x16\xf59\xec\xff\x00f\
\x7f\x0dX_xSG&\x09\xbcS\xe2\xd6\x9e(/\
\xe4\x8f\x82\x96\xa9\x19Y\x18\xe0c\xcc`\xde\xac\x17#\
?G\xfc$\xb8\xd3|Y\xa5\x9f\x89\xaf\xa1\xa6\x85\xe2\
\x1d^6\xd2\xb5\xabu\xd8\xc5.4\x9b\xbb\xabi\xa3\
\xf3\x14\x0f0$\xfehW?yB\xf1\xc6)\xc8\xb8\
\xb3\xd9(\xa3\x22\x93#\xd6\xa4\xa3\xcb\xfc_\xab-\x9e\
\xb7\xf6\xd0\x9e|^\x1d\xd2n\xf5Y\x22\xeef\x90y\
6\xe0{\xba-\xc2\xe3\xd4\x8a\xec|7\xa5\x1d\x0b\xc3\
\xfan\x8c\xef\xe6\xbd\x95\xacP3\xff\x00}\x91p\xcd\
\xf5b\x09>\xe6\xbc\xc5\xf7\xeb\xda\xa1\xc0\xc8\xd75\xc0\
\xaa\x7f\x89ltc\x93\x9fX\xde\xee2=\xd6z\xf6\
\x96\xe4\xfab\xba+\xfb\xb0T\xff\x00\xaf\xe9;\x9ef\
\x0f\xf7\x95%S\xa7\xf5\xf9\xab\x12\xd1E\x15\xcezg\
\xff\xd5\xfd\xf8\xc7\xb5s>-\xd2\xaeu\x7f\x0f\xdd\xd9\
\xd9\x05\xfbbm\xb8\xb4\xdd\xc2\x8b\x98Ye\x80\xb1\xfe\
\xe8\x91Ww\xb6Gz\xea\xb1\x8ai\xe74Fn2\
R]\x0c\xeaSR\x8b\x8b\xea\xacy\x9f\x84\xb5Ky\
5\x9b\x8f\xb2\xee[?\x10Z\xc5\xadY+\xf0\xc1\xb6\
G\x0d\xd4x\xfe\x1d\x84B\xed\xea\xf2\xb7pk\xd2\xab\
\xc4\xf5\x18\xe4\xf0\xf6\xa1y\xe4\xa9-\xa1\xdd\x1dz\xd1\
W\xac\x967l\xc3P\x84c\x971\xbbK(A\xc6\
L\x03\xd2\xbd\x9e)b\xb8\x8d&\x85\xd5\xe3q\xb9Y\
NA\x07\xa1\x04u\x15\xb6*\x1e\xf2\x9cv\x7f\xd7\xe5\
\xb9\xc3\x82\x9b\xe5t\xe5\xba\x7f\xd7\xe3\xf8\x16k\xc7\xfc\
w\xe3_\x07xG\xc4\xda4\x1e\x22\xd0/u\x0dC\
SI\x7f\xb3\xae\xac4\xd7\xd4$\xf3-\xfey#\x1e\
BI,l\xa9\xf3\x82@R\x03`\xe5Z\xbd\x82\xa9\
O\x04rys<++\xdb\xb1\x96,\x80Y[k\
.P\x9f\xba\xc5X\xaex\xf9I\x1d\x09\xacOH\xf1\
\xcb_\x8e^\x1e\xd4.om4\xfd\x07\xc5WS\xe9\
\xb2\xac\x17Q\x8d\x1e\xea3\x13\xb4i2\xab\x89Q\x0a\
\x93\x1c\x8a\xc38\x184\x9f\x0a~;x?\xe3=\xe6\
\xb1k\xe0\xdbmM\xa1\xd1%6\xd7w\x976\xe6+\
q8l\x18c\x94\x9cI \xc1,\x17 \x0cs\xc8\
\xaf\x94\xfcQ\xe2\x1dw\xf6\x9b\xf8\x9b}\xe0\xef\x82\x17\
z\x8e\x81\xe1\x9f\xb0\xc7\xa6x\xfb\xc4&6\x81\x99b\
\x91\xa4\x8a\xc6\xd9_\x0c\xb7\x88\x1aX\xa4n\xcb!V\
\xfb\x83\x1fg\xe9z\x17\x83\xfe\x0b\xfc7m3\xc3\x96\
\xb6\xdaV\x87\xe1\xdb)\x1e8\xdd\xc4q\xfe\xed\x0b\x16\
\x96S\xd5\x9c\xf2\xcey$\xfa\xd5hBn\xe7}y\
i\x0d\xf5\xb4\xb6Wh\xb3[\xdc#E$l2\xae\
\x8c\x0a\xb2\xb0\xee\x088#\xd2\xbe.\xfd\xa1~\x14\xdc\
\xfcF\xf8ow\xa5D\x8dq\xe2\xaf\x02\x93=\x9b\x1f\
\x9aK\xcb&S\xb4\xfa\xb3I\x1a\x10Oy\xa2`8\
\x22\xbe\xb1\xf0?\x8ct?\x88>\x11\xd2|k\xe1\xd9\
L\xdan\xb5j\x97v\xec\xc3\x0d\x87\x1c\xab\x0e\xcc\x87\
*\xc3\xd4\x1a\x83\xc5\x16\x17\xb0\xb5\xb7\x89\xf4x\x8c\xda\
\x86\x98\x18<\x09\xd6\xe6\xd9\xc83C\x8e\xef\xf2\x87\x8b\
\xfd\xb5\x03!Y\x8dwe\x19\x85\x5c\x1e\x22\x15\xa9;\
J.\xeb\xfa\xec\xd6\x87\x91\x9d\xe5\x94\xb1\xb8iQ\xaa\
\xaf\x19+?\xeb\xbaz\x9f\x86^\x13\xf8)\xf1[\xc6\
\xd1\xa4\xde\x1b\xf0\xbe\xa1u\x03\x9c\x09\xda3\x14'\xfe\
\xda\xbe\xd5\xafW\x87\xf62\xf8\xf74a\xdfG\xb5\x88\
\x8eBIy\x09?O\x95\x88\xaf\xd1\xaf\x8d\x1f\x1f-\
~\x12xcL\xf1N\x9f\xa1\x5ck\xba~\xaf\xf2A\
s\x03\xa4v\xf1\xb6\xd0\xc8\xb2\x93\xf3.\xf5\xdd\xb7\xe5\
\xea\xa5N\x08\x15\xf1\xed\xc7\xfc\x14\x07\xc6\x0d.m|\
'\xa6\xa4~\x92\x5cJ\xcd\xff\x00}m\x03\xf4\xaf\xd8\
\xb0\xbcI\xc4\xd9\xa4\x15l\x05\x18\xa8\xf4\xbf\x97s\xf1\
\x5cg\x0c\xf0\xc6W?a\x8f\xaf'>\xb6Zk\xae\
\x87\x82\xeb?\xb2\xa7\xc7\x8d\x0e#4\xde\x16\x9e\xe5\x17\
\xe6?bx\xae\x1b\xf0H\xdc\xb7\xe9^\x13\xaah\xda\
\xb6\x87t\xf6:\xcd\x9d\xc5\x85\xccg\x0d\x15\xccm\x1b\
\x83\xe9\x86\x02\xbfF<=\xff\x00\x05\x00F\x98G\xe2\
\xbf\x09\x98\xe1?zM:}\xec=\xf6J\x10~D\
\xd7\xd2\x9a/\x8e\xbe\x00\xfe\xd2\x1aci\x12\xfd\x87S\
\x9c\xa9\xddc\xa8 \x8a\xf2<\xf51\xe7\x12\x03\xfe\xd4\
f\xba\x1f\x17\xe7\xd9r\xe6\xcd0\xb7\x87YD\xe7\x8f\
\x08d9\x93q\xca\xb1\x96\x9f\xf2\xcb\xfa\xfdO\xc4J\
o$\xf3\xfaW\xdd\x9f\x1e\x7fc\x9dO\xc1\x90\x5c\xf8\
\xaf\xe1\xa3M\xaa\xe91\x06\x92}=\xc6\xeb\xabu\x03\
\x96R\x07\xefQ{\xf1\xb8\x0e\xc7\x04\xd7\xc2x\x22\xbe\
\xf7(\xce\xf0\x99\x9d\x15[\x0b;\xaf\xc5y4|\x06\
s\x90\xe32\xca\xde\xc3\x17\x0eW\xf8?4\xc3\xf2\xab\
\xb6\x1a~\xa1\xaa\xdc\xa5\x96\x9bk5\xdd\xc3\x9c,P\
#;\x93\xf4PM}\x81\xf0\x13\xf6I\xd7~$\xc3\
\x07\x8a\xfcl\xd3h\xbe\x1e|<\x11\x81\xb6\xea\xe9\x7f\
\xbc\x81\x86#C\xd9\xd8d\xf6\x04d\x8f\xbc\xafu\xbf\
\x80?\xb3F\x90\x96J\xb6ZD\xc5~[x\x14M\
}7\xa9lfV\xcf\xab\x10\xbf\x85|\xc6s\xc7t\
0\xf5\xbe\xa9\x80\x83\xabS\xcbT\x9f\xcb\xf4>\xab&\
\xe0,F*\x8f\xd73\x1a\x8a\x8d.\xefF\xd7\xa7\xf9\
\x9f\x98:\x17\xec\xbb\xf1\xd7\xc4\x11\xac\xf6\x9e\x15\xb8\xb7\
\x89\x86A\xbdh\xed\x89\xff\x00\x80\xca\xca\xd5\xd4\xcd\xfb\
\x18|{\x8e=\xeb\xa4Z\xca\x7f\xba\x97\x90\xe7\xf5`\
?Z\xfa#\xc4\xbf\xb7\xfd\x94R\xb2xC\xc2\xb2\xdc\
F\x0e\x04\xba\x8c\xfeQ>\xfb\x22W\xe3\xeaA\xfaW\
\x19\x17\xfc\x14\x03\xc6bL\xcd\xe1M1\x93\xd1g\x95\
O\xe7\xb4\xff\x00*\xf2\xff\x00\xb4\xf8\xca\xaau!B\
1]\xba\x9e\xa4\xb2\xde\x0c\xa5\xfb\xb9\xe2%7\xddl\
|\xb9\xe2\x8f\x80\xbf\x17\xfc\x19\x0c\x97\x1a\xff\x00\x85u\
\x08\xad\xa3\xe5\xe7\x89<\xf8\x94{\xbc[\x94W\x92m\
d%X\x10GPF\x08\xfa\x8e\xb5\xfa\xbb\xe0\xef\xdb\
\xbb\xc0Z\xb4\x89m\xe3=\x22\xf3Dv#3DE\
\xcc\x00\x9e\xb9\xc6$\x1f\xf7\xce+\xd4\xbc[\xf0c\xe0\
w\xed\x09\xa2\x1d{G6\xbfi\x99I\x8bX\xd1\xca\
+\x86=\xe5U\xf9\x5c\xe7\xa8`\x1b\x8cf\x9d>9\
\xcc0\x12Q\xce\xf0\xce\x11\x7fij\xbf\xaf!O\x80\
\xf2\xec|\x5c\xf2LZ\x9c\x97\xd9z?O\xf8'\xe2\
\x809\xe0z\xe2\x93\x19\xeb^\xcf\xf1\x8f\xe0o\x8c~\
\x0b\xeb\x22\xcf]\x8f\xed:u\xc3\x11e\xa9B\x0f\x93\
0\x1f\xc2s\xf7d\x00\x0d\xcay\xee2\x08'\xcct\
\x1d\x03Y\xf1F\xb1k\xa0x~\xce[\xfdB\xf1\xc4\
pA\x08\xdc\xec\xd9\xe3\x8e\x80\x0e\xa5\x8f\x18\xaf\xd1p\
\xb9\x96\x1a\xbe\x1db\xa8TR\x83W\xbfO\x9fc\xf3\
\x9cN_\x89\xc3\xe2\x1e\x16\xad6\xaa'f\xba\xfc\x8c\
m\xddNk\xaf\xf0\xcf\x80<m\xe3ID>\x14\xd0\
\xef\xf5V\xce3m\x0b:\x83\xfe\xd3cj\x8f\xc6\xbf\
K>\x0e~\xc5\xfe\x17\xf0\xc5\xa4> \xf8\xaa\xd1\xea\
\xfa\x92\xa8\x97\xec[\xb1g\x01\x1c\xfc\xe7\x83)\x1dI\
$(9\x18#\x9a\xf4\x0f\x1a\xfe\xd5\xdf\x05>\x16\x86\
\xf0\xfe\x85\x8dV{_\x93\xecz,q\x88c\xc7\xf0\
\x99>X\x86;\x81\x93_\x03\x8c\xe3\xf9V\xac\xf0\xf9\
-\x07VK\xae\xbc\xa7\xdf\xe0\xbc?\x8d\x0a+\x13\x9d\
\xe2\x15\x18\xbe\x9as\x1f\x01\xe9\xdf\xb1\xef\xc7\xbb\xf4\x12\
\xb6\x81\x1d\xa8# \x5c]B\x0f\xfd\xf3\xbc\x91\xf8\x8a\
n\xa3\xfb\x1f||\xd3\x90\xca<?\x1d\xd2\xa8\xce-\
\xee\xa0c\xff\x00|\xee\x04\xfeU\xee\x9a\x9f\xfc\x14\x07\
\xc4\x0d)\x1a7\x84\xac\xe3\x88\x1c\x06\xba\xb9vr=\
\xc2&\x07\xe0M.\x95\xff\x00\x05\x01\xd7RP5\xaf\
\x08\xda4Y\xc16\xb7\x0e\xaf\x8f`\xcb\x83\xf8\x91\x5c\
\xff\x00_\xe3+{Oc\x1b\x7f)\xbf\xf6w\x05\xff\
\x00\x0f\xdb\xca\xfd\xf5>\x1a\xf1G\x81<e\xe0\xc9\xc5\
\xb7\x8a\xf4;\xfd)\xf3\xc1\xb9\x85\x91O\xb8b6\xb0\
\xfck\x91\xc7~\xde\xb5\xfbA\xe0\xaf\xda\x9b\xe0\x97\xc5\
X\xd7\xc3\xda\xe1]6{\xc1\xb0\xd9kq\xa1\x8aL\
\x8f\xba$;\xa29\xec\xa4\x83^k\xf1\x93\xf6,\xf0\
\xdf\x88\xed\xa5\xf1\x0f\xc2\x86\x8fJ\xd4\xb6\x99\x05\x83\xb6\
m'=\x7fv\xdc\x98\x98\xe7+\xc9S\xc7A]8\
N?\x95\x1a\xeb\x0d\x9dPt\xa4\xfa\xeb\xcb\xfd|\xcc\
1\xde\x1e\xc6\xbd\x07\x8a\xc9+\xaa\xd0]4\xe6\xb1\xf9\
W\xc6s\x9ao=3\xedZ\x9a\xd6\x87\xab\xf8sW\
\xba\xd15\xdbIl\xaf\xec\xa41Oo8*\xe8\xc3\
\x82\x08=A\xec{\xd7\xac|\x19\xf8\x13\xe3/\x8d:\
\xb1\xb7\xd1c\xfb&\x95n\xc0^\xea\x93\x83\xe5E\xcf\
\xdd\x5c}\xf9\x08\xe8\x83\xa7R@\xce>\xf3\x13\x98\xe1\
\xb0\xd8w\x8a\xafQF\x1b\xb7\xd3\xe5m\xcf\xcf\xf0\xb9\
v'\x13\x88XJ4\xdb\x9d\xede\xbf\xab\xecx\xba\
+3\x04PK7\xdd\x00d\x9f\xa0\xeak\xd7</\
\xf0\x0b\xe3\x0f\x8cb\x8e\xe3B\xf0\xa5\xfb\xdb\xb8\xca\xcd\
:\xf9\x110\xf5\x0f.\xd55\xfa\xa7\xe1o\x83\xff\x00\
\x02\xff\x00g\x9d\x0ck\xda\xb1\xb3K\x88T\x19u}\
\x5c\xa3JX\x7f\xcf%`B\x1c\xf4\x087v$\xd7\
\x94x\xcb\xf6\xf0\xf0.\x97#\xdbx7G\xbc\xd6\x9d\
O\x13\xccE\xb4$\x8fL\xe6N\xbd\xf6\xd7\xe7o\x8e\
q\xf8\xe98\xe4\x98G(\xaf\xb4\xf6\xf5\xff\x00\x80~\
\x8f\x1e\x04\xcb\xf2\xf8\xa9g\xb8\xa5\x09?\xb2\xb5~\x87\
\xc9\xd1\xfe\xc6?\x1e\xe4\x8f\xcdm\x1e\xd5\x1b\xae\xc7\xbc\
\x87?\xa1#\xf5\xaeO^\xfd\x97\xfe:\xf8v&\xb8\
\xbc\xf0\xa5\xd5\xc2 \xc9k&K\xa3\xf9D\xcck\xe8\
)?o\xff\x00\x19\x99s\x0f\x854\xc5OF\x9eV\
?\x9e\xd1\xfc\xab\xd7\xbe\x12~\xd9\x1a\xa7\xc4\x8f\x15\xda\
x;\xfe\x10\xc9>\xdb\xa8\x12\x11\xec\xa7\x0f\x1cj\x06\
ZI|\xc0\xa5cA\xcb\x11\x93\xd8\x02H\x15\x8d|\
\xe3\x8bp\x90u\xf1\x14b\xe1\x1dZ\xd0\xd6\x8eM\xc2\
\x18\xba\x91\xa1\x87\xad5)h\xba\xeb\xe8|\xf1\xfb%\
\xfc#\x92\x7f\x17^\xfcJ\xf1\xc5\xa4\xb6ZG\x837\
HR\xea2\x0b^\x05\xdc\x9f!\x19&\x10D\x98\xeb\
\xbff:\x9a\xfdK\xf0\x9e\x9fy\x05\xa4\xfa\xc6\xad\x19\
\x8fR\xd5\xa4\xfbM\xccg\x19\x89p\x16\x188\xe3\xf7\
1\xe1[\x1c3\xeeo\xe25\x84\x96\xc3^\xd6\x97L\
R'\xd3tk\x81=\xfc\xa7\x8f\xb4\xdf\x8c:G\xfe\
\xe5\xb9\xc4\x8c3\x80\xfb\x138G\x15\xe9\x99\xe3\xdf\xd2\
\xbf)\xe2l\xfa\xbei\x89\xf6\xf5t\xd1+.\x8b\xfa\
\xd4\xfdk\x85\xb8z\x8eU\x86Tik\xabw}_\
\x7f\xbbC\x98\xf1\x87\x8at\xff\x00\x06x~\xef\xc4:\
\x92Mp\x90\x14\x8e\x1bkd\xdf=\xc4\xf2\xb0\x8e\x08\
!N7K,\x8c\xa8\x83\xd4\x8c\xe0\x02k\xe3\xf5\xf1\
M\xbf\xc5\x8f\x89\xdaG\xc3?\xdaC\xe0\xc4\x1aD\xda\
\x84\x17\x17^\x1a\xbe\xba\x9a-F9>\xce\xbel\xf0\
\xbc\xb1\xaa\xf9O\xb1w\xb2n# \x06\xe7\x06\xbb\x8f\
\x88\xba4\xff\x00\x1e\xf5T\xd1\xfc?\xad\xf8\x87\xc2\x96\
\xfe\x16\xbf3i^ \xd3\xe2\x88\xd9\xdcjp\xee\x89\
\xdb.O\x9a\xb6\xcc\xcd\x10V\x01\x1eB\xe0\x16*+\
\xe7o\x8azo\xc5\xfb\x1b\xbd\x1a?\xdaOG\xd4|\
S\xe1/\x0f\xb4\xef\x17\x89<\x02\xf2[\x5c\x86\x95Q\
\x0c\xb7\xf6\xc8|\xe0\x89\x0a\xb2\xb8\x88\x80\xe5\xce\x01\x00\
\x03\xe0D\xfa\xc93\xecO\x88\xbf\xdb\xda.\x8b\xa7x\
s\xe1\x8f\x88|?\xe19fh\xf4\xeb\x1b+\x9bA\
!\xdc\xec\x14\x0bU\x86@#eS\xc7\xee]T\x0d\
\xec6\x82+\xd5\xfc5\xe1\xcd?\xc2\x9a\x1d\x97\x87\xb4\
\x85u\xb5\xb2\x8fb\xf9\xad\xb9\xdd\x8f/$\x8eyy\
$r]\xd8\xfd\xe6b\xc7\x93_8\xfc\x00\xf8o\xfb\
;]\xc3o\xf1c\xe1/\x87\xdc\xc8\xdee\xbd\x9e\xb7\
|nd\x9ePWd\xcd\x1f\xda\x9d\x98\x00KD\xcc\
\x14d\x86\x1c\x8c\xe7\xeb\x0aOr\x96\xc4G\xa63\x5c\
\xd7\x8b5Y\xb4}\x0e\xe6\xea\xc4)\xbdm\xb0Y\xab\
r\x0d\xc4\xcc\x22\x847\xfb&G]\xc7\xb2\xe4\xf6\xae\
\x94\x95\xce3\x9cW\x96\xf8\xabVU\xd6Z\xeb\xcbk\
\x88<7\x07\xdaLJpf\xbf\xbaS\x05\xa4\x00\xf7\
m\xb26T\xf4ibj\xac49\xa6\x9b\xdbw\xfe\
_=\x8e<]E\x0an\xcf]\x97\xf9\xfc\xb7'\xf0\
\x86\x99m\x16\xb18\xb6%\xec\xbc?i\x0e\x87f\xef\
\xc9,\x11d\xb9}\xdf\xc5\xbc\xf9H\xc7\xae\xf8\xda\xbd\
2\xb0<5\xa4I\xa1\xe8\x96\xda|\xac%\x9d\x01\x92\
\xe2U\x18\xf3'\x95\x8c\x93\xc8\x07b\xf236=\xeb\
\xa0\xc7\x1d\xe8\xaf>y?-?\xe0\xfc\xf7\xf9\x97\x86\
\xa5\xc9\x05uk\xea\xfc\xbc\xbe[\x0f\xa2\x8a*\x0e\xa3\
\xff\xd6\xfd\xfc\xa2\x8a(\x03\x82\xf1\x94/i\x0d\xb7\x8a\
l\x91\x9e}\x15\xdai\x11FL\x96\xae\x00\xba\x8f\x1d\
[\xe4\x02EQ\xd5\xe3AU\xfc\x17q\x1d\x89\xb8\xf0\
\xa2H\x1e+\x00\x93\xe9\xce\x0eU\xec&\xcbA\xb4\xf4\
\x22\x12\x1a\x1f]\xa8\x8c~\xf8\xae\xf4\x8c\x9e\x99\xaf\x12\
t\x9b\xc37\x22\x18\x81\xdf\xe1y$\xba\x81#\xc9i\
\xb4k\xb2|\xc8\xa3^r-\x98\x0f\x90d\xe2\x08\xfa\
y\x80WU\x15\xed \xe9\xbd\xd6\xdf\xa7\xe3\xf9\x9eV\
%{\x1a\xaa\xb2\xd9\xef\xfdz~G\xba\xd1PC<\
7\x11%\xc4\x0e\xb2G*\x86VR\x08`FA\x04\
pA\x1d\x08\xa9\xb2+\x94\xf5nxw\x88o\xef\xbe\
\x1b\xeaQh\xfe\x04\xf0\x89\xd4%\xf1\x8e\xa3qr&\
\x8ed\x82\xd6-A\xe23M%\xe3\x91\xb9Q\xd2#\
&T3;+(\xe4\xa8?+\xfe\xd6\x1e\x17\xd7\xe5\
\xf0\x0e\x9b\xe1\xff\x00\x13j\xcd\xaf\xf8\xcf\xc7\xfa\xc5\xb7\
\x87\xf4k\x18CC\xa7X\x9b\x97\x06y!\xb6\xced\
\xf2\xe2\x05\x0c\xf3\x16a\xbc0\x0a@\xaf\xd17@J\
\x923\xb5\xb28\xcfN\x95\xf0\x9f\xc4\x8d\x1f\xe2w\x8f\
?j\x9d*\xfb\xc1\xfa!\x97J\xf0\x0e\x895\xb4\x1a\
\xae\xa4|\xab+}WS_\x9ex\xc3#\x1b\x83\x15\
\xbb&UU\x86\xf5\xdb\xf2\x91\x9a\xa8\x93-\x8f\xa6\xd3\
T\xf07\xc1o\x0dxK\xc1\x977p\xd8X+Z\
\xf8\x7fN\xf3YT\x92\xb1\xf9q\xe5z\x90\xcc\xa03\
\x0e\x01l\xb1\x03&\xbdX\xed#\x06\xbe\x05\xbc\xf8\x9d\
\xf0s\xe1\xdf\x8b\xe7\xf0N\xa9\x06\xa9\xf1c\xe2U\xc2\
4Z\xa1\xd3,\xda\xfeh\x95\x86\x1a&.\xe6+X\
\x94\x1d\xa5Sh\x1c\x07\xc1\x18\xaf\xa8|\x17\xf1SH\
\xf1E\xe4Z\x0d\xfe\x93\xab\xf8cW\x96#$:v\
\xb9o\xe4I*&\x0b\x98]^H\xa5\xda\x0eYU\
\xf7\x80\x0b\x15\x03\x9a\x91&\xb63|i\xe1M\x09\xac\
\xf5\x0d\x03\xc4\x96\xebq\xe1\x1f\x11\x93\x1d\xda\x9c\x01e\
s#\x0cJ\xa4\xfd\xc8\xe4\x93i'\x1f$\xdf?F\
8\xfcs\xf8\xcf\xf0\x83_\xf87\xe3\x09\xfc;\xaa\xa9\
\x9a\xd2\x5c\xcb\xa7_\x01\xf2O\x0ep\x08\xec\x1d3\x87\
^\xc7\x91\xc1\x15\xfb\xd5q\x047Q=\xad\xc4k,\
3\x02\x92F\xe02\xb2\x90A\x04\x1e\x08=\xc7\xe1_\
:\xfcD\xf8k\xa6x\xd3\xc2\xd7?\x0a\xfcTW\x13\
\x17\x7f\x0dj\x93\x06\x7f\x22@\xa4\xa4[\xb7\x07\x12D\
\xb9P\x0b\x1f2?R0>\xeb\x83x\xaeymv\
\xaa;\xc2OU\xff\x00\xb7/5\xdb\xa9\xf9\xdf\x1bp\
\x8c3:\x0aT\x95\xa7\x15\xa3\xff\x00\xdb_\x93\xef\xd0\
\xfcB\xfb\xc7\x1f\xe7\xfc\xf3V\xaco/4\xeb\xb8\xaf\
l'\x96\xda\xe6\x07\x0f\x14\xb11GF\x1c\x86W\x18\
*s\xd4\x8a\xe9\xfcy\xe0O\x12\xfc7\xf1-\xd7\x85\
|Ujm\xaf-\x89*\xd8>\x5c\xa8I\xdb,M\
\x8f\x99\x08\xe8\x7f\x02\x01\x04\x0e?\x1c\xe6\xbf\xa3\xa9\xd5\
\xa3\x88\xa6\xaaA\xa9BK\xd54\x7f5T\xa5Z\x85\
G\x0a\x89\xc6I\xeb\xd1\xa6~\xa8\xfe\xcb\x9f\xb5%\xc7\
\x8c\xae-\xfe\x1d\xfcE\x9d\x0e\xb2\xca\x17O\xd4[\xe5\
\x17xR|\xa9;y\xd8\x19R8p\x0f|\x03\xe8\
\x9a\xb7\xec\x8b\xe0=O\xe2\xfc?\x11\x1d\x114\x96\x06\
\xe2\xebEU\xc4R\xde\x026>1\x81\x13d\xb3\xa7\
B\xc0c\xe5$\x0f\xc7\x1b[\x9b\x9b+\xa8o\xed&\
xn`\x91f\x8aD$::\x90\xc1\x94\x8e\x8c\x19\
F\x08\xe9\xc1\xaf\xd5\xad\x1f\xf6\xe2\xf8y\x1f\x80\xe1\xbe\
\xd5\xe3\xbfo\x13Eh\xab-\x90\x89v\xcbp\xab\x82\
\xcb(\xc2\x88\xd9\xf2\xd9\xda\x08\x07\xee\xf1_\x8fq?\
\x0cc\xb0\x18\xaf\xacd\x11\x92U\x13RK\xa7\xfc?\
\xe0~\xc7\xc2\xdcQ\x80\xccp\xeb\x0d\xc4\x0d^\x93N\
-\xfe^v\xfcM?\xdaw\xf6\x98O\x85\xd1\xbf\x81\
<\x0cc\x7f\x12M\x08\xf3\xa6\x18)c\x1b()\x81\
\xd3\xcee\xe5T\xf0\xa3\x04\x8e@?\x93Z\xae\xab\xa9\
\xeb\x97\xf3\xea\x9a\xbd\xcc\xb7\xb7\x97-\xbai\xe7r\xee\
\xec{\xb1<\xe7\xf4\x1d1\xd2\x9f\xadj\xfa\x97\x88u\
{\xcdoV\x99\xae/u\x0b\x87\xb9\x9ei\x0e\xe2\xf2\
H\xc5\x98\x93\xc7\x19\xc7l\x01\x80\x06\x06+:\xbf@\
\xe1\x8e\x18\xc3\xe5\x18e\x08\xc7\xf7\x8fV\xf7\xbb\xeb\xaf\
c\xf3\xfe'\xe2\x8cNo\x89u%/\xdd\xad\x12\xec\
\xbai\xfa\x85\x14Q_R|\xc0\x9fO\xd6\xbd\x0f\xe1\
\xbf\xc5/\x19|*\xd7#\xd7|#|\xf0\x1d\xcan\
-\x9c\x96\x86\xe1A\xfb\xb2\xc7\x90\x0f\x03\x83\xd5s\xd7\
\xady\xe7\xf1b\x93\x91\xc5sbp\xb4\xb1\x14\xdd:\
\xf1M>\x8f\xb1\xae\x1b\x13W\x0d5W\x0f&\x9a\xea\
\xba\x1f\xb8\xde\x0d\xf1o\xc3\xdf\xda\x93\xe1}\xcd\xbe\xa1\
j\xaf\x1c\xcb\xf6}J\xc1\xc82\xdaO\x8c\x86\x8d\xf1\
\x95<\xee\x8d\xc0\xe7\x1d:\x8a\xcb\xf8%\xf0\x0f\xc2_\
\x00t\x9dS]\xd5n\xa1\xbb\xd4\x5c\xcc\xf3\xea\xb3\x00\
\x8b\x0d\x9a\x12QW?py`4\x87\xbbdtQ\
_\x98\x9f\xb3\xcf\xc5\xe1\xf0o\xe2\x14Z\xf5\xf7\xda$\
\xd1\xef#k]F\x0br\x09eq\x94}\x8d\xc3\xb4\
o\xf3\x01\x91\xc6Fy\xc1\xfa;\xf6\x9e\xfd\xa9|/\
\xf1\x03\xc1q\xf8#\xe1\xdd\xc5\xe3\xc5\x7f*\xbe\xa3s\
\x22y*\xd1 \xca\xc0\x01\xcb9g\xc3?A\x84\xc6\
N\xe2+\xf1\x1c\x7f\x08ft1\xaf,\xc0\xf3{\x0a\
\x8d;\xf4]\xd3\xf4\xfct?s\xcb\xf8\xc7,\xc4`\
Vk\x8eQ\xfa\xcd4\xd5\xb6m\xbbj\xbd\x7f\x0dO\
8\xfd\xa1\xff\x00j\x1ds\xe2u\xf5\xc7\x86\xfc#<\
\xdao\x85ac\x18\x08Lr\xdec\xf8\xe5#\x91\x19\
?u=9l\x92@\xf9\x00p\x00\x1c\x01\xd8q\xef\
\xc7\xb7\xad?\xde\x9b\xc6\x005\xfb\x16U\x94ar\xfa\
\x11\xc3\xe1ah\xae\xbd[\xee\xdfs\xf1\x8c\xd77\xc5\
\xe65\xe5\x88\xc5\xce\xf2};y%\xd8u\x14Q^\
\xa9\xe7\x0d t\xc7\x07\x83\xe9\xeb\xf9zW\xd8\xdf\xb3\
\xaf\xedK\xad\xfc8\xbe\xb6\xf0\xbf\x8dne\xd4|+\
+\x08\xc3\xb9/-\x90=\x19\x09\xe4\xc43\xf3!\xe8\
9\x5c`\x03\xf1\xd7ZOn\xd5\xe4\xe6\xb9>\x171\
\xc3\xcb\x0d\x8a\x85\xd3\xeb\xdb\xcd>\xe7\xa5\x94g8\xbc\
\xbb\x11\x1cN\x16vk\xa7\xe8\xd7c\xf6\xc3\xe3\x7f\xec\
\xf9\xe1O\x8f6z^\xbf\xa7]Ec\xa8F\xf0\x91\
\xa9@\x03\x0b\x8b'+\xb9N8r#%\xa1c\xd0\
\xe0tc\x8dO\x1e\xf8\xd7\xe1\xff\x00\xec\xbf\xf0\xc6\xda\
\xd7M\xb4@\x22O\xb3izr\x10\x1e\xe6a\xc9i\
\x18\x0c\xe3?<\xaf\xef\x8e\xa4\x0a\xf9#\xf6h\xfd\xaa\
|)\xe0O\x03\x1f\x04|E\xb8\xbcA\xa6\xca\xcd\xa7\
\x5c$~r\xfd\x9d\xbeo#\x8c0(\xdb\x8a\xe7#\
\x07\x00\x80\xa0W\xcc?\xb4\x0f\xc5v\xf8\xc5\xf1\x0a\xeb\
\xc4V\xbe|zM\xbckk\xa6\xdb\xccFc\x8d\x00\
\xdc\xdbF\x00i\x1f.FOa\x93\xb4c\xf1\xfc\xbb\
\x843:\xd8\xc5\x96c\xb9\xbd\x856\xdd\xfa?%\xeb\
\xf8j~\xcb\x98\xf1\x96WC\x02\xf3L\xb9G\xeb5\
\x12V\xea\xbc\xdf\xf5\xae\x87\x1f\xf1\x13\xe2o\x8c\xbe(\
\xeb\x92k\xfe0\xbe{\x99\x0b1\x86\x00q\x04\x0ax\
\x0b\x0cy!F\x0e3\xd4\xe3$\x9e+\x82\xa4\xc14\
\xa8\x86FT\x8c\x16g (Q\x92rp0;\xe4\
\xf4\xaf\xdb\xb0\xf8jxzj\x9d\x18\xa8\xa8\xf4Z[\
\xc8\xfc6\xbe\x22\xae\x22\xa3\xa9ZNN]^\xb7-\
XX\xdej\x97\xb0i\xdat\x12\x5c\xdd]H\xb0\xc3\
\x0cCs\xbb\xbe6\xaa\x81\xd4\x9c\x8a\xfdw\xf8\x15\xf0\
i\xbe\x0e\xe8\x11\xe90\x08\xdf\xc7\x9e#\x84K\xa8]\
\x0c:\xe9\xd6\xa0\xf0\x07\x1c\x90xQ\xd2I\x7f\xd8B\
G\x9c\xfe\xcc\xff\x00\x04e\xf8ca\x0f\xc4?\x1bi\
\xebq\xe2\x8dP\x18\xf4=(\xa9\xf3\xe2R2\xcc\xf9\
%c,\xa7.\xe5O\x96\x83\x93\xb9\x82\xd7\xdd~\x18\
\xd0e\xd1l\xdaK\xf9V\xe7T\xbca-\xf5\xd0\x07\
\xf7\x92t\x0a\xb9\xe9\x1cc\xe5\x8d@\x00\x01\x90\x01'\
?\x87q\xdf\x18}i\xbc\x16\x15\xde\x9a\xd1\xff\x00y\
\xff\x00\x92?s\xf0\xff\x00\x82\xfe\xad\x15\x8e\xc5\xabT\
z\xaf\xee\xa7\xfa\xbf\xc0\xd6\xd2t\x8b=\x17O\x87L\
\xb0R\xb0\xc0\xa1W',Nr\xcc\xc7\xf8\x9d\x98\x96\
f<\x92ry5\xe3\x7f\x17<M\xaej\xd1\xdd\xfc\
#\xf8a\xacX\xe9\xfe<\xd5\xb4\x99\xefa\x92\xed\x98\
\xad\xa5\xacl\x91I9\x09\xf3y\x8ceT\x88v'\
y\x18C\x9e\xe3\xc7\xff\x00\x12|\x1b\xf0\xcbM\xb3\xd5\
\xbcg\xa8\xc3\xa7A\x7f{\x06\x9dm\xe7:\xa6\xf9\xe7\
\x90(\x00\xb1\x18T\x07|\x8cxTRONy_\
\x1f\xe8\x96\xde'\xd1-\xbcw\xf0\xf5l\xef\xf5\xfd\x0a\
\xea-V\xc2\xe2\xc9\xe3f\xba\x11\x0d\xb7\x16\x82t\xc8\
\x22\xea\xd8\xbc#~\xe5\x05\x95\xb0\x0a\x82?'m\xb7\
w\xb9\xfb$R\x8a\xe5[#\xe5i\xfe1\xdc\xb6\x97\
\xa5~\xce_\x17t\x0f\xf8U\xfa\xa5\xec\x90i\xa3S\
\x8a\x5ci\x8fi\x0f\xcd\xbfK\xbc\xceV\xe6B\x8b\x1c\
A\x88h\xd9\xbc\xcc\x9d\xbc\xfdK\xaf^kz\x0e\xa7\
\xe0\x7f\x0ax?R\x9bU\xbe\x9e\xf8\xcb~/\xe4\x12\
\x994uG\xfbL\xf3\xc8\xaa9Fx\x96\x06\x03-\
!U\xe5K\x91\xd2j:?\xc3\xef\x8d\xfe\x02\x855\
\x9b\x0bm{\xc3\xfa\xe5\xb8\x9e8n\xe3\xdc\x02\xb8\xc0\
\xc88h\xe4RHa\x90\xca\xc0\xa9\xc1\x04W\x19\xf0\
\x0f\xe0\xb4\x1f\x06\xfc=\x7f\xa7\xc9q-\xfd\xdd\xed\xfc\
\xed\x14\xf3\xc9,\xb2C\xa7\xa4\xd2}\x86\xd4<\xaf!\
\x0b\x0cM\x9d\xa0\x81\xbd\x9b\xafSz\x15f{N\x87\
\xa2i\xde\x1e\xd2-4=\x22\xdd-l\xac\xa3Xa\
\x89\x00\x01Qzt\xef\xdc\x9e\xe6\xb6(\xc8\xa4\xc8\xf5\
\x15%\x18\xba\xce\xabm\xa1\xe9W:\xbd\xe0c\x15\xaa\
\x17*\x9c\xb3\x9e\x8a\x88;\xbb\x92\x15Gv W\x9b\
h\x1a]\xcd\xde\xb3oa\xa8\xe1\xe5\xd3\x9c\xea\xfa\xc3\
)\xdc\xaf\xa8\x5c\xae \x80\x1f\xe2Kh\xb9Py\x01\
m\xdb\xad^\xf1V\xadk.\xb0\xa2uy4\xff\x00\
\x0e\xed\xbf\xbdD\x1b\x8c\xb7N1el\x8b\xc6\xe9w\
\xb7\x98\x17<1\x8b\x82X\x11\xd3\xf8SH\xba\xd2t\
\x84\x8fQ\xdau\x0b\x99\x1a\xee\xf5\xd0\xee\x06y\x8e\x5c\
n\xe3r\xa0\xc2)\xc0\xc2\xa2\x80\x00\x00\x0e\xb4\xbd\x95\
\x1b\xad\xde\xdf\xa7\xf5\xe8yS\xfd\xfdu\x1e\x91\xdf\xf5\
\xfe\xbc\x99\xd7\xd1E\x15\xc8z\xa1E\x14P\x07\xff\xd7\
\xfd\xfc\xa2\x8a(\x01\xa3\x1c\xd7\x17\xe2\xad.\xeeh\xad\
\xf5\xad\x22=\xfa\x9e\x98\xed4\x11\x82\x07\x9c\x8c\x00\x9a\
\xd8\x93\xc0\x12\xa8\xf9I\xe0H\x11\xcf\xdd\xc1\xec\xb9\xe7\
\x8aB\xa4\x9cv\x14\xe1'\x17tcV\x0a\xa4\x5c\x7f\
\xa5\xe7\xf2g\x98x?T\xb4\xb3\x96\x0d\x16\xd5\xcbi\
Z\x8cf\xebC\x91\xf2\xa5c\x193Y\xb0<\xab\xdb\
\xb1;#8\x22?\x93\x1f\xbaj\xf4\xf0@\x1c\xd7\x92\
\xf8\x93F\x8bK\xbbp\xcem\xb4\xcdV\xe9f\x8e\xe1\
\x00'N\xd4\xf2\x04S\xaex\x11\xdc9\x0b \xe8d\
'p\x22g#\xb2\xf0\xe6\xb76\xa9o,\x1a\x8cb\
\xdfS\xb1q\x05\xed\xb8\xe8\xb2c!\x93<\xb4R\x82\
\x1a6=G\x07\x0c\x08\x1b\xd6\x82\x92\xf6\x91\xeb\xfd\x5c\
\xe3\xc2Tp~\xc6{\xad\xbf\xcb\xfc\x8e\xb6\xb0\xbcC\
\xfd\xa8\xbe\x1f\xd4\x9bCPu\x15\xb3\x9f\xec`\xf43\
ym\xe5\x82?\xdf\xc5ndz\xd1\x91\xeb\x5c\xe7\xa4\
|\x97\xfb\x1d|4\xd0<\x11\xf0cC\xd7\xad\xd0O\
\xaf\xf8\xa6\xd95mkQ\x94f\xe6[\x9b\x8c\xbb\xc7\
#\x9f\x98\x182c+\x9e\x1dX\x91\x92k\xa8\xf1\xaf\
\x89b\xf8\xa3\xe0\xbb\x87\xf8I%\xae\xab\xe2-\x0f\xc4\
\x90Z@\xcf\x22\xec\xb1\xbd\xb1\xbbC;\x5c:\x16)\
\x11\x81$\x0d\xb7&H\xdf`\x1f?\x14>(|\x0f\
\xd6|Ogy\xa6\xf8W\xc7\x9a\x8f\x82\xbc9\xaa\xdc\
5\xd7\x88,l\x922%\x8d\xcb=\xc9\xb6\x9d\xb0\xf6\
\x86|\x96\x97\x19F$\xb1L\xb3\xee\xf2\xef\x09\xfcj\
\xfd\x8b~\x05i\xe9\xa0x\x13Z\xb0\x85\x961\x03\xae\
\x91\x05\xc5\xec\xf7L\xa7 \xcd41\xbf\x9d&\xec\xe1\
\xa4n2@ qU~\xa4\xec\xac}w\xa2\xf8\xb7\
@\xd4\xb5;\xbf\x0a\xc7\xaci\xf7\xda\xfe\x95\x04R\xea\
v\x96\x92.\xf8L\x99\x1b\x8cE\x99\x91\x0b\x0e\x03\x12\
@\xc6y \x9d\x9dWJ\xb1\xd6,\xa5\xd3u\x18\xfc\
\xe8f\xc1*N\x08 \xe42\x91\xc8e \x15a\xc8\
 W\xc1\xde&\xf8\xd5\xe1\xbf\x18\xc1o?\xc2\x7f\x86\
\x1e<}oOw\x9fJ\xd74\xdd\x19m\x22\x8aG\
\xe4\x89%\x95\xd7\xcc\x86c\xc4\xb1:\xedq\x93\xc3\x00\
G\xd6?\x0d<u\xad\xf8\x9b@\xd2\xd7\xe2\x06\x88\xfe\
\x12\xf1U\xdd\xbbI6\x91q$n_\xca*\x1eK\
vGm\xd1\xe4\x82T\x9d\xe9\xb8\x06\x1c\x860\x93[\
\xe8\xc9iI4\xf5G\x9d\xfcT\xf8a\xe1\xff\x00\x1f\
\xe8\xc9\xe0\xff\x00\x89\x19l6\xcd\x17\xc4\xa8\x00\x96\x19\
[\x85\x8e\xe1\xba+1\xc0\xe7\xe4\x97\x8f\xba\xf8\xcf\xe4\
\xe7\xc5\x7f\x83\x9e3\xf8;\xae\x9d#\xc4\xf6\xc5\xad\xa5\
s\xf6;\xf8A\xfb=\xc2\x83\xd5X\x8e\x1c\x0eYO\
\xcc0z\x8c\x13\xfb\xdfsgo{\x04\xb6\x97q,\
\xf0\xce\xa5$\x8aE\x0c\xae\xad\x9c\xab\x03\xc1\x18=\xeb\
\xca|S\xe0{y\xb4i\xfc?\xac\xe9\xbf\xf0\x93x\
Zu\xc4\x963\x8f2\xea\xd8c\x1b\xad\xd8\xfc\xd2*\
\xf0Ur$L|\x8cp\xaa>\xef\x85x\xd7\x11\x95\
\xc9S~\xf4\x1e\xf1\xfdWg\xdd\x1f\x9eqo\x03a\
\xf38\xfbh\xfb\xb3\xef\xfa>\xeb\xb3?\x04s\xed\xd3\
\x9aC\x93\xd4W\xda_\x16?d\x9dcI\xb7\x9b\xc5\
\xdf\x08\xa7o\x13h9f{5\xe6\xf6\xd4\xa99B\
\xbc\x196\x10T\x80\x03\x83\xc1S\x82k\xe3\x17I#\
\x91\xa1\x95\x19\x1d\x09\x0c\xac\x08 \x83\x82\x08<\x83\x9a\
\xfd\xff\x00*\xce\xf0\x99\x8d%W\x0b5.\xeb\xaa\xf2\
h\xfex\xcdr\x5cf]W\xd9b\xa0\xd7g\xd1\xf9\
\xa66\x8aL\x8a\x5c\x8a\xf5\xcf7\xcc(\xa2\x8e\xbd(\
\xb8\x1fB|&\xfd\x9b\xfc_\xf1wC\xb8\xd7tM\
KL\xb2\x8a\x17tHo%o6P\x9bw:F\
\x81\x88@N\xdd\xc7\xab{\x0a\xf3\xdf\x86?\x0c<U\
\xf1c\xc4\x89\xe1\x7f\x09\xc2\xa6o,\xcf<\xf3\x1d\x90\
\xc3\x088.\xed\x82@\xcb\x00\x00\x04\x93\x81\xeaG\xd2\
?\xb0\xb1o\xf8Z\x9a\xd79\xff\x00\x8an\xe7\x92\x7f\
\xe9\xe2\xd7\x8f\x7f\xff\x00W\xa9\xae\x03\xf6i\xf8\xa5\xe1\
\x8f\x87z\xf6\xb7\xa5x\xd9\xa6\xb7\xd1\xbcO\xa7\x1d>\
\xe2\xf6\xdc\x13%\xb9\xe4\x06\x1br\xc1v\xb3\x02@,\
\x1bk`\xf3_\x0b\x89\xcds*u1\xb4h{\xd2\
\xa6\xa2\xe2\xad\xb2w\xbf\xae\x8bC\xed\xf0\xd9^[R\
\x96\x0a\xador5\x1c\x94\x9d\xfbZ\xde\x9a\xb2\x7f\x1f\
\xfe\xcb\xfe(\xf0w\x85\xae\xbce\xa2\xeb\x9aO\x8at\
\xbd8\x85\xd4\x1bJ\x97{\xdb\xf2\x06YF\xe0UI\
\xf9\xb0C\x0e\x09\x1bA#\xca\xbe\x15|1\xf1\x17\xc5\
\xbf\x17\xdb\xf8C\xc3\xaa\xb1\xbc\x8ae\xb9\xb9pLv\
\xf0\xae7I&;g\x01G\xf16\x07\x1c\x91\xf7&\
\xbf\xe1\x7f\x03\xfe\xcd?\x03\xbcQ&\x9b\xad\x5c\xebw\
_\x11\xad\x16\xcfN\x8e\xe1|\x9c\xc4\xf1\xb8\xf3<\xae\
\xa3\xcb\x8er\xce\xc4rv\xae\x06kO\xc1\xe3\xe1O\
\xec\xef\xf0\xbbO\xf0\xaf\x8e5K\xdd/\xc4>?\xb1\
[\x9b\xfb\xcd93=\xbcR)\x03k\x90\xdeZB\
\x1c\xa8?1-\xb9\x80\xe9\x8f\x12\x97\x17c>\xa75\
O\xdf\x94\x9d\xa0\xedf\xd2I\xc9\xb8\xf5\xb7\xe2{U\
xC\x09\xf5\xd8:\xbf\xbb\x8ccy\xaed\xd2\xbbv\
J]\x1b\xd0\xfc\xda\xf1\x16\x8b'\x875\xedC\xc3\xf2\
\xdc\xdb\xde>\x9fr\xf6\xcf=\xa3\x17\x85\xd9\x19\x94\xb2\
9\x03p$pq\xd2\xbb\xef\x05\xfc \xf1?\x8d<\
\x19\xe2o\x1f[\x15\xb4\xd1\xfc5lf\x96yA\x22\
yT\x06\xf2a\xf5e^X\x9e\x07\x03\x9d\xdcz\xce\
\xbf\xfb+x\x8a\xd7\xe3e\xaf\xc2\xdf\x0f]\x1b\xfb\x1b\
\xfbt\xd4\xa3\xd4\x99\x0e!\xb0bU\x9e`\xbf.\xf5\
*T\x00@s\x8c\x00\x1b\x03\xef\xef\x10x&\xf2\xcb\
\xe0\xff\x00\x8c\xbe\x13x'\xc3\x976\xf6:f\x92,\
t\x99\x1fn\xfdBi\x95\x9ag_S\xbf\x01\x99\xb1\
\xb9\x8b\x1cc\x06\xbbs\xae7\xa5F\x9d\x1axI\xa9\
Jvm\xedh\xdd&\xed\xd1\xbb\xfc\x8e<\x97\x81\xeb\
\xd7\xad^x\xb88\xc6\x17IoyY\xb5g\xe4~\
){\xd1S\x5c[Oiu-\x9d\xd2\x94\x9e\x17h\
\xe4C\xd42\x12\xac\xa7\xd7\x185\x0d~\x8ft~u\
`\xa2\x8a?\xa51]\x0d\xe81N\xed\xc57\xbf5\
\xed\x7f\x09\xbe\x01\xfcA\xf8\xbfv\xaf\xa0\xda\x1bM)\
_\x13\xea\xb7a\x92\xd9\x02\xf2v\x9ce\xd8s\xf2\xaf\
|d\x81\xcdqcq\xb40\x94\x9dlD\xd4b\xb7\
o\xf4:\xf0X\x1cF.\xaa\xa3\x86\x83\x94\x9e\x89/\
\xd4\xf2]+I\xd4\xb5\xcdJ\xdfH\xd1\xed&\xbe\xbd\
\xbaq\x14\x16\xf0)y\x1d\xc98\x01Fy\xe0\x92z\
`W\xe9\xbf\xc0\xef\xd9\xbbL\xf8_%\x9f\x89<q\
i\x1e\xb9\xe3k\x95\xf3t\xfd\x1d\x08h\xad8\x1f\xbc\
\x99\xb0Tl8/)\x05T\xf1\x18g\xc6\xefZ\xf8\
C\xf0\x87\xc2\x7f\x0d\xad\x9e\xcb\xe1\xad\xbaj:\xbb\x83\
\x15\xff\x00\x89\xef\x904`\xff\x00\x1a[\x80~b\x18\
cb\x1d\xa3\x07{\x96]\xa7\xe8\xed\x17\xc3\xf6Z$\
n\xf1o\xb8\xba\x9c\xee\xb9\xbb\x9c\x86\x9ef\xe7\xe6\x91\
\x80\x03\x03\xf8Q@T\x18\x0a\x00\x00\x0f\xc3\xb8\xb3\x8f\
\xeab\xe2\xf0\xd8;\xc6\x9b\xdd\xf5\x97\xf9/\xc4\xfd\xd7\
\x84<>\x8e\x12K\x15\x8c\xb4\xa6\xb6[\xa8\xbf\xd7\xf2\
*\xe8~\x1f\x96\xc2y5}Ze\xbd\xd5\xee\x80\x13\
\x5c`\x85D\xea!\xb7RIH\x97\xb7%\x98\xe5\x98\
\x92sV\xf5\xff\x00\x10i\xde\x1d\xb7\x8aK\xd9\x14M\
y2\xda\xd9[\x86\x02K\x99\xd8\x1d\x90\xc4\xa7\xab\x10\
\x09'\xa2\xa8,\xd8U&\xb9\xaf\x88\xff\x00\x14|\x0d\
\xf0\x9bA>%\xf1\xee\xa6\x9ae\x89\x90D\xac\x11\xe5\
\x91\xd8\xe3\x84\x8a%i\x1fh\xc9$.\x15A&\xbe\
o\xd7\x7fho\xd8\xfb\xe2}\xbcK\xacx\xba\xc8\x5c\
 V\xb2\xbd\x9a;\x9bK\x9bI\x03\x07I\xad\xa6\x96\
$heV\xdaw\xae3\x80\x0eG\x15\xf9s\x976\
\xff\x00\xf0\xc7\xebt\xe2\xa0\xad\x1f\xeb\xcd\x9c\xe4\xfe5\
\xd3_\xe2E\xef\x80?k\xff\x00\x08\xe90\x8f\x10\x5c\
\xb0\xf0\xae\xab:\x8b\xcd\x19\xed\x98\x22\xfd\x87\xcd\x99\x14\
Ep\xac\xbb\x9d\x9dW\xcc-\xd9B\xe7\xd1u\x0f\xd8\
\xdb\xe1$Wm\xaa\xf8\x0a\xe3]\xf0%\xfb\x1c\xad\xc7\
\x86\xf5\x19\xed\xd5rr6\xc2\xcc\xf0\xa8\xfa \xe2\xb0\
to\x89_\x07\xfe1G?\xc0\x7f\x89^ \xf0\xef\
\x8c\xdbS\x89\x8e\x9b{kq\x09]B4\xe8Y#\
m\xd6\xba\x84\x5c\x12\xab\xb47\xfa\xc8\x8f\xdeD\xed\xbe\
\x07|=\xf8\xb5\xf0\xefV\xd5\xfc#\xaex\x99\xb5\x8f\
\x01\xe8\xd3\x08\xfc:\xd7\xd1n\xd4\x9e7\x8c\x13\x0c\xd3\
\x13\x83\x05\xb1b\xa8\xc0nvQ\x82\xb1\xae\xd6/\xa6\
\x86\x96\xd7S\xab\xf8%\xf0\xaf\xc4\xff\x00\x09\xac\xb5\xad\
\x13Y\xf1m\xc7\x8a\xf4\xfb\xfb\xf6\xd4,\xde\xf6\x11\x1d\
\xcc\x12\xceY\xaeC\xc8\x8d\xb1\xc4\xb2bN\x11~v\
v9\xdd\xc7\xba\xd2dR\xe4R(\x8e\xb9\xbf\x11\xeb\
_\xd8\x96\x02H\x22\xfbE\xe5\xc4\x82\xde\xca\xdf82\
\xce\xf9*\xb9\xea\x14\x00^F\xc1\xda\x8a\xcd\x83\x8c\x1d\
\xcb\x8b\xab{+yn\xae\xe4Ha\x85K\xbc\x92\x10\
\xaa\xaa\x06K\x12x\x00\x0e\xa6\xbczk\xbdO[\xd5\
b\xbc\xb4\x0fo\xa8\xeaq4zTn9\xb0\xb0\xdc\
\xbeu\xec\xaa\xd9\xc4\xd3p#B8\xf9\x10\x81\xfb\xd3\
Z\xe1\xe9s>il\xb7\xfe\xbf3\x87\x17]\xc1r\
\xc7w\xb7\xf9\xff\x00\x97\x99s\xc3\x9a0\xbe\xd4D\x0e\
\xe2\xee\xd3E\xb9i\xae\xaeH\xc0\xbd\xd5_&Y0\
8\xd9k\x92\x15A >\x10`\xc0+\xd7pFk\
'K\xd2m\xb4m>\x0d/O\x8f\xcb\xb7\xb7@\x91\
\x82rq\xd4\x92NI,ybrI\xc99'5\
\xaf\x83\xd3\xbdEj\xceo\xc9\x17\x85\xc3\xfb8\xd9\xee\
\xf7\xff\x00/\x90\xfa(\xa2\xa4\xeb\x0a(\xa2\x80?\xff\
\xd0\xfd\xfc\xa2\x8a(\x00\xa2\x8a(\x03>\xf6\xca\xde\xfe\
\xd2k\x0b\xd8\x96k{\x94h\xe5\x89\xc6U\x95\xc6\x18\
\x11\xdc\x10y\xaf\x22{m_E\xd5\xa0\xb4\x89\xfc\xfd\
^\xd2&]>iX(\xd5,\x97\xe6{9\x9c\xf1\
\xf6\x88A\xca3{>p\xd2\xa8\xf6\xa3\x93X\x9a\xde\
\x87m\xae\xd8\xb5\x95\xd6\xf4!\x84\x90M\x11\xdb$2\
\xa7)$m\x83\x86S\xcf \x83\xca\xb0*H:Q\
\xac\xe3\xee\xbd\x9f\xf5\xfd#\x8b\x15\x86u=\xe8n\xbf\
\xaf\xf8f?G\xd6,\xb5\xcd>;\xfb\x16%\x1c\x90\
\xca\xe3k\xa3\xa1!\xe3\x91O+\x220*\xcay\x04\
V\xb0\xcf|W\x8b\xdb\xdc\xeb:F\xb3<\xc6 \xda\
\xc2\xa0}B\xce!\xb158\x10\x05\x17\x96\xaaN\x16\
\xe1\x17\x01\xe3\xc9?\xc0I\x1e[W\xaa\xe9\x9a\x95\x8e\
\xb1c\x16\xa1\xa7H&\xb6\x9cnF\x1f\xc8\x83\xc8*\
F\x0a\x9eA\xa7Z\x8f.\xab`\xc3b=\xa7\xba\xf7\
[\x9aeI\xcf\x19\xfa\xd7\xcf7\xfe\x11?\x075\x8d\
G\xc7\x1e\x03\xd1\x12\xf3A\xd4]\xee\xb5\xcd\x16\xc2\x04\
\xfbLr\x1ed\xbd\xb0\x00\x02\xe4\xf5\x9a\xd7??\xdf\
\x8b\x12ed\xfa$0\xefQ\x9c\x9e\x0f$zVO\
M\xce\xcd\xcf6\x97\xe2\x97\x87t\xff\x00\x02\xde|H\
\xf1\x12]\xf8\x7f@\xb2\x84\xdc\xbc\xda\xacF\xdeC\x16\
\x06\x1b\xc9c\xe6)f;U\x19C\xb3c\x03\x04\x13\
\xf1\xdf\xc2\xcb[\x8f\xda\x7f\xe2\x83|Y\xf8\x8f5\xe6\
\x8b\xa7x~=\xfe\x0c\xf0\xb0\x96kK\xa5\xb6\xb8\x00\
\x8dZgB\x8c\xe2q\xc2\xecb\xb9\x05[\x84\x1b\xbe\
\x85\xf8\xbd\xfb>\xe9\xbf\x16|C\xe1\xbdWV\xd4o\
&\xd2\xb4\x8dN;\xeb\xff\x00\x0fO3\x1d:\xfbb\
\xecVt\x19*\xf1\xf0\xc1G\xc8\xf8*@\xdc^\xbc\
\xcb\xf6\x90\xf8\x9f\xa2,\x9aW\xc3\x0f\x86V\x8b\xac|\
T\xbb\xb96\xfa\x0cV\x87\xca\x97I+\xc4\x97\x93>\
\x07\x97n\x8a3\xe5\xb6c\x95F\x18\x14\x06\xaa\x22i\
\x9e\xc57\xc7o\x05\xe9\x9f\x17_\xe0\xc5\xfc\xee\xfa\xa4\
z|W\xc6\xe6 \xd2\xc7\x1e\xf2G\x97x\xc8\xbbm\
\xe5l\x06M\xdf+\x07^\x84\x80}\xe3 \xd7\xe7=\
\xe5\xeb~\xcazf\x8d\xf0\xcb\xc06#\xc7_\x1a>\
%\xdc\xb5\xdd\xf5\xe5\xe3\x1f\xdf\xccI\xf3.\xae\x9c\xfc\
\xc2\xda6\xdc#L\xa8\xda\xae\xc4\x8c\x1a\xfagF\xf0\
\xff\x00\xc7\xed#E\xfe\xd4\xd6<W\xa4\xf8\x8bYT\
\xf3e\xd2\x86\x9f\xf6KGld\xc3\x0d\xc8\x91\xa5\x8f\
=\x16GF\xe7\xaa\x8e\xa0q\x05#\xd3\xb5?\x0b\xc5\
qv\xfa\xb6\x93;\xe9Z\x9e\x06\xeb\x98\x06VP\xb8\
\xc2\xcf\x11\xf9e^1\x93\x87\x03!Xd\xd7\xce\x1f\
\x16>\x09\xf8\x07\xc7\xc5\xe7\xf8\x83\xa4\x0d\x0bU\xdaB\
x\x93I\x03\xc8b\x07[\x81\x8f\x97#\xefy\xa3\xfd\
\x94\x90\xe35\xf4/\x80\xbcu\xa1\xfcC\xf0\x86\x8d\xe3\
]\x09\xcf\xd8u\xb8\x16\xe2\x04\x97\x02Ela\xe2a\
\xfd\xf8\xd9Y\x18\x02y\x07\x19\x15\xda\x95\x18\xc7^9\
\xe3\xb5u\xe0s,F\x16\xa7\xb4\xa5'\x19wZ3\
\xcb\xc7e\x18l\x5c9+E5\xd9\xea\x8f\xc5o\x88\
\xdf\xb2O\xc4\xff\x00\x05#\xeaz\x14)\xe2\xbd\x18\x02\
\xcbu\xa6\x0d\xd2\x05\xea7\xc1\x92\xc3\x8e\xa5w(\xf5\
\xaf\x97e\x8aX&ky\xd1\xa3\x962C#\x82\xac\
\x08\xe0\xe4\x1c\x1a\xfe\x86\xa6\xf0m\x9c2\xb5\xd7\x87\xa7\
\x97D\xb8$\xb1\xfb&<\x86=~{v\xccd\x13\
\xcb\x15\x0a\xcd\xfd\xea\xf2\xdf\x1c|(\xd0\xbc`\x85>\
 \xf8>\xc7\xc4\x00\x0e5-,y\x17j\x00\xe5\x99\
2\xae\x7f\xd9Ew\xe7\xb5~\xa9\x93\xf8\xa1V)S\
\xc7C\x9b\xcdh\xfe\xed\x99\xf9&s\xe1T\x1bs\xc0\
\xc9\xc7\xc9\xea\xbe\xfd\xd1\xf8i\xce3\xebA8\xc6{\
\xd7\xe8\xaf\x89\x7fc\x7f\x02\xea\xd7.\x9e\x05\xf1t\xba\
E\xd6\xd2\xe3M\xd7b*\xea=\xdf\x0a\xea3\xdba\
8\xef^\x11\xe2?\xd9\x03\xe3\x86\x81\xbe[=&-\
j\xd9rVm2d\x93x=6\xa1\x22O\xfcv\
\xbfD\xc0\xf1\xa6S\x88\xd1UI\xf6\x96\x87\xe78\xde\
\x0a\xce0\xcfZ.K\xbcu_\xe7\xf8\x1c\x9f\xc0\x1f\
\x8b\xf6\x9f\x06<[\x7f\xe2[\xcd:MM/4\xc9\
t\xf1\x0cn# \xc9,Rn$\x83\xc7\xee\xfa{\
\xfbW\x9dx\x17Z\xd0\xfc;\xe2\xed+[\xf16\x9a\
u\x9d6\xca\xe5f\x9e\xc4>\xcf4/ \x12A\x18\
\x0d\x86(F\x18\x0d\xb9\x19&\x93[\xf0\x17\x8d\xfc9\
)\x8b^\xd05+\x06^\xa2{y\x17\xfa\x1a\xe5Z\
7\x8f\x22Ue\xc7\xf7\x81\x5c~x\xafB\x9e\x1b\x03\
VukQ\x92n\xa2I\xb8\xcb\xb2\xb2\xf4g\x99<\
F:\x94)Q\xab\x16\x956\xdcS\x8fV\xee\xcfX\
\xf8\xcf\xf1_W\xf8\xbf\xe3[\x8f\x13\xdf\x03\x05\x9c\x7f\
\xb8\xd3\xac\xb3\xf2\xdb\xdb\xa9\xf9F\x07\x1b\xd8\x9d\xd2\x1e\
\xec}\x00\x03\xdb\xf4\x9f\xda;\xe1\xd7\x88\xbc7\xa1\xe9\
\xbf\x19\xbc\x0e\xde$\xd5<3\x08\x86\xc2\xfa\x09vy\
\xaa\x9fpN\xa5\x97 \x05]\xc0\xeeRrv\x8c\x91\
_\x1a\x96PpYA\xfa\x8f\xf1\xa6\x87N>e\xfc\
\xc5g\x88\xe1\xbc\x0d\x5c=<?+Q\x87\xc2\xd3\xb3\
ZY\xd9\xadu7\xc3\xf1\x0e>\x96\x22\xa6'\x999\
O\xe2M]=n\xae\x9e\x9a\x1e\xf3\xf1\x0b\xf6\x85\xf8\
\x87\xe3o\x1a]x\xbbL\xd4n\xfc6&\x82;8\
\xad\xb4\xcb\x87\x88,\x10\xb32#\xba\x14.w;\xb1\
lun\x068\xae\xaf\xc1\x7f\xb4\xf7\x8b\xbc9\xe0o\
\x15\xf8kZ\xbf\xd6umS\x5c\x89\x13O\xd4\xa5\xbe\
\x91\xa4\xb2!]IFb]NX\x1f\x94\x8e\x95\xf2\
\xe8\x01\xbe\xe1\x0d\xf49\xadK\x0d\x0fZ\xd4\xe4Xt\
\xed>\xea\xeaG\xe8\xb1D\xecO\xe4\xb5\x18\x9c\x93*\
\x8e\x1e8j\x90\x8cb\xadk\xd9Z\xcd=\xf7\xb6\x85\
a\xb3\xbc\xd5\xd7\x95zR\x93\x93\xbd\xedv\x9d\xd3W\
\xb7\xcc\xcf\x96Yn%y\xe7w\x92Y]\x99\xdd\xce\
\xe6f9$\x93\xd4\x92s\xcf\xbd7\x075\xee~\x1c\
\xfd\x9a\xbe7\xf8\x9fci\xfe\x13\xbd\x81$\x19\x12\xdf\
\x05\xb6_\xa82\x91\x9a\xf7m\x13\xf6&\xbf\xb3\x8c]\
|G\xf1\x86\x99\xa2F\x08\xdf\x05\xaeg\x98\x1f\xee\x9d\
\xc5@>\xe0\x9f\xa5,_\x16eXei\xd6\x8bk\
\xa2\xd7\xf2+\x07\xc2y\xb6+XP\x92O\xab\xd1~\
6>\x158\x07\x9e;s^\xa7\xf0\xfb\xe0\xa7\xc4\xbf\
\x89\xb3\x22\xf8OC\xb8\x9e\xd86\xd7\xbd\x94yV\xe8\
;\x96\x95\xf0\x09\x1f\xdd\x5c\x93\xd8W\xe9\x9f\x81\xbfg\
_\x85^\x17h\xa7\xf0\xdf\x84\xae\xbcEx\x87\x8dG\
\xc4\x07m\xb8?\xc2\xc27\x00:z\x14\x89\xcf\xbd}\
\x1b\x17\x855;\xe8V\x0dr\xff\x00\xca\xb5\x00*\xe9\
\xfaP6\xb0*\x8f\xe0i\x14\xf9\xae\x01\x03\x05L}\
\xf2\x08\xaf\x81\xcd\xbcO\x84\x13\x8e\x06\x9f\xce_\xe4}\
\xf6Q\xe1eY\xb5<t\xfeQ\xd3\xf1>%\xf8s\
\xfb'x\x03\xc1\xf7q\xc9\xe3y_\xc6\xfa\xfamq\
\xa4i\xe3\xfd\x16#\xd4\x19\x98\x95\xe0\xf6iY\x10\xf2\
6\x9a\xfbB\xcf\xc2\x17w\xf6\xd1Z\xeb\xc2\x0b=6\
\x15\x0b\x0e\x8b\xa6\xfc\x96\xca\xab\xc2\xac\xce\x02\x19F\x00\
\xf9\x00T\x19*\xc1\xc6\x0dv\xda~\x97\xa7i\x16\xa2\
\xcbK\xb6\x8e\xd6\x05\xf9\xbc\xb8T $\xf2I\xc0\xc9\
9\xeaO'\xeb\xcd[y\xa1YR7u\x12I\x9d\
\x8aH\xcbc\xae\x07S\x8e\xf8\xaf\xca3L\xf7\x17\x8f\
\xa9\xcf\x88\x9b~\xbd=;\x1f\xaf\xe5<9\x84\xcb\xe1\
\xc9\x87\x82^\x9d}z\xb1\xb0\xc1\x1c\x08\x90\xc0\x8b\x1c\
(\xa1Q\x14\x00\xaa\x06\x00P\xa3\x80=\x87\xa0\xac/\
\xf8J\xb4\x0f\xf8J?\xe1\x0f\x8a\xf29\xb5\x9f\xb2\xb5\
\xf4\x96\x91\x9c\xc9\x14\x01\x82y\xb2\x01\xf7\x15\x9c\x85\x5c\
\xf2\xc7\xa7\x00\xe3\xa7\xfa\x8f\xca\xbeI\xf8\xcd\xf0\x0fR\
}R\xdf\xe3\x1f\xc0\xef/F\xf8\x8d\xa2n\x93,\xcc\
a\xd6-\xfa\xc9e{\x96\xf9\xf7\x80\x04nNT\xe0\
p\x02\x95\xf1\xac\xda\xbb\xdc\xf7\xf6VKC\xab\xf1\x1e\
\x97\xab|5\xf1E\xff\x00\xc4\x9dF\xe6\xe7\xc4\xde\x1d\
\xd5`KM~\x1b\x94I%\xd3aB\xdbg\xb3\x8d\
\x13\x9b0\x1c\x8b\x98p[\x1f\xbd\xcb\x15`q5\x0d\
\x03\xc3\x9f\x0d-?\xb7\x0e\x99c\xe2\x1f\x85\xf7\x11}\
\xa6Eh\x22\xbam\x1a&\x05\xfc\xf8\x0e\xd63i\xb8\
l\xb2\x0c\xb4\x0b\xf3.b\xc8K\xdf\x0e\x7fj?\x86\
\x1e3\xf0\xc4\xb7\xfe!\xd4m\xfc-\xaei\x80\xc5\xad\
h:\xab\x88\xae\xec\xe7L\xac\x89\xe5\xb6\x1eT$\x1d\
\x8c\x8aw\x01\xeb\x90:\xaf\x84^\x1e\xdd\xe0\x0b\x9d;\
U\xd3Z\xd3E\xd4u;\xeb\xad7I\xbaR\xa6\x0d\
6{\x86\x92\xde\x09\x22?uY\x09\x7f \xf0\x88\xe2\
\x22\x00R\xa2\xefa\xe8&\x99\xf0\x93\xe0G\x8a\xed,\
\xfcI\xa6x/\xc3\xf2G+-\xcd\xa5\xf4:t0\
Hv\xb6Rh\xe4TI0p\x1a7\x07\x91\x86\x07\
\x04W\xb8\x91\x9a\x80.\xd1\x8e\x98\xc7O\xc3\xfc*r\
qY\xdd\xb1\xe8\x86\x1e\x98\xefM\xdd\x86\xf64\x8d\xd3\
\xe55\xe5~&\xf1\x1c:\x9cw\x16pO%\xbe\x8b\
j\xfeE\xfd\xe4\x04\x99.%\xce>\xc3i\xb7\xe6i\
\x1c\x9d\xae\xc9\xc8\xe5\x10\x87\xcb%R\xa4\xeaJ\xc8\xe6\
\xc4VT\xd5\xd9_\xc4\x1a\xe4Z\xd3\xe4\xa3\xdc\xe8\xf6\
\xd7\x22\x18-\xe2?6\xabz\xa7\x88S\xb1\x82\x17R\
dc\x85,\x09b#F\xdd\xdbxsB\x9fM\x8e\
{\xddNE\x9fV\xd4\x19d\xbc\x9dA\xdb\x95\x18H\
\xa3\xcf\x22(\x94\x95Q\xeaK\x11\xb9\x9b9\x9e\x1b\xf0\
\xec\xf1H\x9a\xde\xadl\x90\x5c\xac\x22\xde\xc6\xc6,y\
V6\xf8\x00D\x98\xf9|\xc6\x01|\xd7^2\x02\xaf\
\xca\xb9n\xf0\x03\xdcWEy\xa4\xbd\x9d?\x99\x8e\x1a\
\x8b\x94\xbd\xb5]\xfa\x7f_\x91%\x14Q\x5c\xe7\xa0\x14\
QE\x00\x14QE\x00\x7f\xff\xd1\xfd\xfc\xa2\x8a(\x00\
\xa2\x8a(\x00\xa2\x8a(\x03\x9a\xd7\xb4\x0b}r\xd1a\
\x99\x9e\x1b\x88\x1f\xcd\xb5\xba\x8b\x89 \x90\x03\xb5\xd0\xfa\
\xf3\x86S\xc3\x0c\x82\x085\xe7\x16\xb7\x1a\xce\x8f\xab\xcc\
\x12\x14\x8fW\x933^i\xe8v[\xeaQ\xaf\x0ds\
g\x93\x84\xb8\x0a\x01\x91\x0f~\x1b\xb3\x9fg!\xb3\x9e\
\xd5\x89\xadhv\x9a\xed\xa8\xb4\xbeW\x1b\x18K\x04\xd1\
\x1d\x92\xc3*\xfd\xd9\x22~\xa8\xe3\xd7\xbeJ\x90T\x90\
v\xa5Z\xde\xec\xf6\xfe\xbf\xab\x1c\x18\x8c+\x94\xbd\xa5\
=\xff\x00\xaf\xea\xe3\xb4}b\xc7\x5c\xb1[\xed=\xf7\
\xc6IGV\x05]\x1dN\x19$S\xca:\x9e\x0a\x9e\
\x87\xdb\x06\xb6\x87\x07\xaek\xc5nSY\xd1uU\x9a\
\xea\xe2\x1b=Nm\xb1\xc5\xa8\xb0)c\xa9`\x10\x91\
]\xa2\xff\x00\xa9\xb8\x0a>V\x1d\xb2\x018\x0a=\x0f\
E\xf1\x1d\xb6\xaf$\x967\x11=\x96\xa5n\xb9\xb8\xb1\
\x9c\x81\x22c\x8d\xcaG\x0f\x19?u\xd7\x83\xd7\x8e\x94\
T\xa0\xfe(j\x82\x86+\x9a\x5c\xb54\x97\xf5\xfd~\
GW\x5c\xb5\xdf\x844\x1b\xdf\x11\xd8\xf8\xbe{8\xc6\
\xb5\xa7\xc3%\xbcW\x88\xa0J`\x94\x0d\xf0\xb3c-\
\x11`\x1bi\xee\x01\x18\xe7=F\xe1\xd34\xb5\x89\xdf\
s\xe5\x0dc\xc3\x16\x1e\x16\xfd\xaa \xf8\xad\xe2vX\
\xf4\xed_\xc2k\xa1i\xd7\xb3\x7f\xaa\xb7\xbd\x8e\xe9\xa5\
\x92&s\xc4Fh\x1b1\xb3\x10\x0e$\x5c\xf4\x06\x1f\
\xda\x1b\xf6\x8a\xd2|\x0d\xe1\x99</\xf0\xf2\xe6?\x10\
\xfc@\xf1\x02\x1b-\x13K\xd3\x19nfI&\xca\x0b\
\xa9V\x22\xdb#\x8b\xa8\xdd\x80[\x0b\xd0\x92>\xa4\xbe\
\xb0\xb3\xd4md\xb2\xd4 \x8a\xee\xdaQ\xb6XgE\
x\xddOP\xca\xc0\x82=\x88\xaewC\xf0\x0f\x82<\
1u%\xef\x86\xfc=\xa5\xe9W2\xe7|\xd6V\xb0\
\xc3#\x03\xd8\xba l{g\x14\xef\xd1\x90\xd3\xdd\x1f\
\x9f\x1e'\xf0\xb7\x88\xfc\x17\xf0\x8f\xe17\xec{\xe1\xbb\
\xb2\x9e7\xf1\x04\xa9{\xa8j6\xacL\x9aU\xa4w\
/{{s\x14\x8aC\xa1Y\x19\xa2\x8d\x81\x1b\xd5]\
{\xe0\xfd\xfd\x22\x0f\x87\xfe\x0a\xba\xba\x9a\xfe\xe7T\x8b\
F\xb4{\x99'\xd5'_1\xa2\xb7M\xcf\xbem\xa8\
\xbfq\x09\xdc\xc3\x19\xe5\x8e2k\xe6\xbf\x0a\xd9\xd8\xf8\
?\xf6\xa7\xf8\x8b\xe2\xdf\x89W\x0beu\xaeX\xe9\xd6\
\xde\x14\xbe\xbc\x22;c\xa7G\x18\xfbU\xbc2\xb6#\
I\x16\xe1Q\xa4\x8c\x90\xccp\xcb\x9d\xc6\xbd+\xc6:\
\xae\x9b\xf1[\xc4Z\x7f\xc3\x1f\x0f\xddE\xa8\xe8\xd1H\
\x9a\x97\x8an-\x9dd\x84[B\xdb\xad\xf4\xf6\x91r\
\x85\xef&\x0b\xe6\xc7\x9f\xf8\xf7I\x03cz\xe5\xc8q\
\xf7OQ\xf0?\x8bb\xf1\xcf\x87-<G\x0e\x99\xa9\
iIy\x12J\xb6\xda\x9c\x06\xdee\x0e\xa1\xc7\xcaI\
\xc8\xc1\xfb\xc0\xe2\xbbM\xcb\x9cf\xa2\x0a\xd9\xe9\xf8\xff\
\x00\x9f\xc2\xbc\xdb\xe3\x06\xbb\xa9\xf8_\xe1\xb7\x88|E\
\xa2\xdc\x1b}N\xc2\xcd\xe4\xd3\xfeA \x92\xf0\xfc\x96\
\xd0\xb26\x03\x09\xa6e\x8c\x8c\x8f\xbd\xd6\xa4\xa3\xbd\xbc\
\xb0\xb1\xd4m\xcd\xad\xfd\xbc7P\x93\x93\x1c\xe8\xb2.\
}\xd5\x81\x15\xcd?\x81tX\xd8\xc9\xa6=\xd6\x99)\
<=\x9c\xee\x9b}\x966-\x12\x8f`\x98\xaf3\xfd\
\x9a~(k_\x16\xfe\x13\xd8x\xa7\xc5\x10\xc1o\xae\
\xc1ww\xa7j\x90[\xa9X\xd2\xe2\xd6w\x8c\xedR\
I\x1b\x93c\x11\x9e\x095\xbb\xe2\x7f\x8e_\x0e<#\
\xe3\xed/\xe1\x96\xb1\xa9\x13\xe2-^&\x9a\xde\xca\xde\
'\x99\xc2\x00Nd\xf2\xc1\xd9\x95Va\xbb\xaa\xa9=\
\x00\xaa\x8c\xe5\x07h\xb3\x9e\xa5\x1au>%\xf3:\xc3\
\xe1\xef\x13@\xa6+\x1f\x10\xbb\xc2z\xad\xfd\xb2\x5c9\
\xf6\xde\xad\x17\x1f\xf0\x1a\xe6\xef\xfc\x13\xa8^\xe5o4\
?\x0a\xeag\xbc\xb7v\xc41\xfa\xa8\x8a@?\xef\xaa\
\xf5c<\x22\xdf\xed\x0c\xe1b\x0b\xe6\x17c\x80\x17\x19\
\xc9'\x18\x18\xf5\xa8\xedn\xado\xeda\xbe\xb1\x99'\
\xb7\xb8\x8de\x8aX\xc8dtp\x19YH\xe0\x82\x0e\
A\x1dkh\xe3+A7\x17c\x9eyu\x09\xbf}\
\x1e\x17q\xf0\x8bE\x9f\xe6\xb9\xf0/\x84\xe5\xcf\xfc\xf1\
B\x9f\xce%\xa8\x13\xe0\xdf\x87\x13\xfdW\x80|.\x87\
\xfd\xb0H\xfc\x84f\xbd\xf9'\x82O\xf5r#\xf6\xf9\
H?\xc8\xd4\x85\x95T\xb3\x90\xa0\x0c\x92x\xc0\xae\x8f\
\xedL]\xad\xce\xfe\xf3\x9f\xfb\x0f\x05\x7f\xe1\xa3\xc6,\
\xfe\x1c\xff\x00g\xb2\xfd\x8b\xc2>\x0d\x83\x1f\xc4\xb0\xb1\
o\xcf\xec\xf9\xfdk\xac\xb6\xf0\xff\x00\x8a\xa1@\xb6\xfa\
\x9d\x86\x9f\x19\xfb\xd0\xdaX\xae\x00\xff\x00e\x9aE\xc1\
\xf7+\xc7\xa5uQ\xeb:L\x92\x08R\xfa\xd9\xa4*\
\x5c(\x95\x09*\x06I\xc09\xc0\x1c\x93\x5c~\xa9\xf1\
k\xe1\x96\x8c\x07\xf6\x8f\x8a\xb4\x88\x98\xbf\x96#\x17Q\
;\x97\xfe\xe8Dfb\xde\xc0f\xb1x\xea\xd2V\x93\
l\xda\x19f\x1e.\xf1I\x16\xbf\xe1\x0c\x8a\xe7p\xd5\
\xf5]SP\x8d\xb91Kq\xe5\xa6}\x84\x0b\x1b\x0f\
\xa6\xea\xd8\xd3|9\xa0\xe92\x09t\xeb\x18\x22\x98\x0d\
\xbexP\xd2\x91\xef+fB>\xacs\x5c\xe7\x85~\
'x'\xc6\xd2\xea\x90xOR\x1a\xa5\xc6\x8d\x1cR\
\xdd\xc1\x0cr,\x88'\x12\x18\xbeY\x11\x0by\x9eS\
\x85\xc7\x04\xafZ\xe4\xfe\x1f\xfch\xd3~\x22x\xef\xc5\
^\x08\xd2\xf4}B\xc2\xe3\xc1\xef\x04z\x93jA!\
}\xf7*\xcf\x0e\xc8r\xcc\xca\xea\x84\x86'\x18\xc7s\
X:\x95%\xac\x9b:a\x86\xa7\x07\xa2G\xb6q\xc3\
q\xea\x7f\xa5ax\x9f\xc4z7\x83\xfc=\xa8\xf8\xa7\
\xc4W\x02\xcfL\xd2m\xa4\xbb\xbb\xb8`HH\xa3]\
\xccp98\x1d\x87&\xbe@\xf8\xd7\xe3\xcf\xda\x0f\xe1\
?\xc5\x0d\x1fZ\xf0\xf9\x83\xc5\xde\x10\xbb\xb2\xba\xb8\xb9\
\xd0b\xb6Xn\xc8\xb6dk\x85\xb7\x903\x19g\x8e\
\x16\x13F\x0f,\xa9/\x18\x5c\xd7{\xe3o\x88\xde\x0b\
\xf8\xc5\xfb?]\xeb\xfe\x0f\xbd\x8fP\xd2\xf5\xc9\xf4\xfd\
5\xe3<I\x1b\xdd\xdf\xdb[<\x13\xc6~d\x90y\
\x85Y\x08\xfd*\x12}M\xb9\x96\xc8\xc8\xf8\x9f\xf1\xc3\
\xc72\xfc\x11\x97\xe3'\xc1}.\xda\xff\x00GH\xc5\
\xe3M{\xbf\xed-d\x92m\x96\xe2\x0be\xf9I\x8c\
\x06m\xb2\xb2\x90\xa0\x9c\x1e\x86\xa5\xee\xb9\xf0CC\xf0\
\xdf\x87>.K\xa9^\xf8\x93U\xbb{-F\xc3P\
k\x89'\xd4\x8c3:,\xac\xb0B6G\x1cv\xee\
\xfetk\x1a\xa9Ee?0\x04a\xfe\xcb\xa4x\x07\
\xc4\x9f\x10\xbff\x1do\xf7\xb6\xfe\x18\xbf\x93R\xd0\xe3\
\x9cnYt]H\xf9\x81\x00<2\xc4\xef\x89;\x16\
\x90\xadq\xff\x00\x07n\xb4\xdf\xd9\x97\xe2\xdf\x8c>\x07\
\xea:e\xcd\xde\x9d\xa8\xa0\xf1\x0f\x84nl-Z\xe6\
\xe9\xac\xe7vW\xd3\x9d\x90\x16\x02)U\xbc\xa0\xec\xaa\
H\x90\xff\x00\x15U\x90\xf9\x99\xfa\x1d\x0d\xc4\x17\x10\xc7\
qo\x22\xc9\x14\xaa\x1d\x1d\x0eU\x94\x8c\x82\x08\xe0\x82\
9\x155y\x1f\x81\xed|uw\xe2\x8d[\xc4\xda\xfd\
\x9c:.\x8bu\xa7\xd9Xiz8q$\xf0\xfd\x95\
\xee]\xa7\x97g\xee\x90\xca'U\x11\xa6J\x84]\xc7\
#\x15\xeb\x95%\x1c\xa5\xc7\x82|\x1fu\xad\xa7\x89\xae\
\xb4\x1d6m^&\x0c\x97\xefk\x0b\x5c\xa9\x18\x00\x89\
\x8a\xef\x04\x01\xc1\xcf\x15\xd3ml\xf4\xfa\xff\x00\x9f\xa5\
K\x91I\xb9}h\xb8\x11t\x19\xcfZia\xdf\x8c\
U]CS\xb0\xd2\xac\xe5\xbe\xd4\xa7\x8e\xde\xde\x11\x97\
\x92C\x80=\x07\xb9'\x80\x06I<\x0ek\xc9\xf5\xbd\
f\xeb\x5ch\xa1\xbb\x86\xe2;+\xaf\xf8\xf4\xd1\xe3\xf9\
/5\x0f\xf6\xa69\xff\x00G\xb6\x07\xa9b\x09\x19,\
p\x02\x9d)\xd0r~G%|La\xa7_\xeb\xfa\
\xfc\x8b\xde \xf1,z\xbc\x12\xad\xad\xc4\x96\xda\x12?\
\x915\xed\xbe|\xeb\xc9\x09\xdb\xf6k\x00\xbf3\x169\
W\x91{\xfc\xa8r\x19\x97g\xc3\x9e\x19\x95d\xb6\xd5\
u\x8bx\xed\x9a\xd1\x0czv\x9b\x16\x0cVQ\x91\xb7\
\xb7\xca\xf3\xb2\xf0\xee:\x02UN2Z\xce\x85\xe1i\
m\xee#\xd65\xbf*k\xf8\xe3\xf2\xa0\x8a\x15\xdbm\
i\x1e6\xf9v\xe9\x8e2\xbf+>7\x10\x00\xe1x\
=\xbe;\x9a\xd2\xa5U\x18\xfb:\x7f7\xfd~g=\
\x1c<\xa5/iW\xe4\xbf\xaf\xc8}\x14Q\x5c\xe7\xa6\
\x14QE\x00\x14QE\x00\x14QE\x00\x7f\xff\xd2\xfd\
\xfc\xa2\x8a(\x00\xa2\x8a(\x00\xa2\x8a(\x00\xa2\x8a(\
\x036\xee\xc2\xdfP\xb5\x96\xca\xfa\x14\x9e\x09\x97k\xc7\
 \x05H\xeb\x82>\xa3\xfa\xf5\xaf-\xd6\xfc5w\xa5\
\xacxK\x8dGM\xb6l\xdbK\x03cQ\xd3\xfd\xe1\
\x90\xf34]\x8a\x1e@\xc7P\xb5\xeb\xf8zf\xd6\xc7\
\xe7\xf5\xcfb*\xa9\xd5\x94\x1e\xbb\x1c\xb5\xf0\xd1\xaa\xaf\
\xb7\x9f\xf5\xb9\xe6\xbaW\x8d\x1e\xde\xde)u\xc9\xa2\xbc\
\xd3\xe4!\x22\xd6m\x86!'\x18\x22\xea?\xbdo'\
#9\x1brq\xf2\xe2\xbd&9\xe2\x9a5\x9a'W\
\x8d\xd42\xb2\x9c\x82\x08\xc8 \x8e\x08#\x9c\x8a\xe2u\
\xef\x09\xcf5\xc3k\x1e\x1a\x95l5\x16o\xf4\x80G\
\xeen\xd3<\xc72\xf2\xa7*J\x87(J\xe7<\xd7\
\x17m=\xde\x89\xabG\x16\x95\x19\xd2\xa7r\xcd6\x85\
x\xfbm\xee\x18\x8c\x96\xb2\xb8!\xe3\xca\x9d\xceUB\
\x96\xf9C\xaa\x0ccy\xd3\x85E\xcd\x0d\x1fc\x8dW\
\xabE\xf2\xd5\xd5w=\xb8\x10z\x1a\x7f\xcd\x5c\xae\x95\
\xe2\x9d7R\x98\xd8\xbe\xfb\x1dA\x132Y]\xaf\x97\
0\x1c\x02T}\xd9\x141\xc6\xe8\xcb)=\xeb\xa9<\
w\xaef\xa4\x9f+G\xa3\x0a\x90j\xf0fV\xa7\xa3\
iz\xe5\xabX\xebV0_Z\xb9\x0c\xd0]F\xb2\
\xc6H\xce\x0e\xc7\x04dz\xe3#\xd6\x9b\xa4h\x1a6\
\x81i\xf6\x0d\x0bO\xb6\xd3m\x8b\x17\xf2m\x22H\x90\
\x93\x80IT\x00d\xf4'\xa9\xf5\xad\xac\x8a2(\xbf\
SP\xaf\x07\xf8\x9d\xaa\xe9\x9a\xef\x8c|\x0f\xf0\xd1/\
 {\x8b\xediu\x8b\xeb_1L\x82\xd3H\x8f\xed\
\x8aLy\xdd\x83x-G#\xa1'\xb5{\xc5a]\
\xf8\x7fD\xbd\xbc\x8bP\xba\xb0\xb7\x96\xea\x17\x12G;\
F\xbeb\xb2\xf4!\xf1\xbb\xb7\xafJ.\x07\xc1\x1f\x09\
|[\xaa\xfc:\xf8\x95\xf1\x93\xe0\x97\x85\xac\x85\xdf\x88\
\xee\xfc\x5cu\xad\x12\xd6@\xc2\xde\x08uh\x16y.\
\xa7a\xf7mmT!`>gfX\xd7\xe6|\x89\
\xbe\x0e\xf8*\xc6\xf3\xf6\xbd\xf1n\xa5\x1c\xef\xaa\x7f\xc2\
\xbf\xd0\xad\xf4\xeb\xbdN|y\xb7\x9a\xc6\xa8L\xf7\x17\
N\xc3\xa3\x08\x84\x90\x88\xc7\xcb\x1a*\xa2\x80\xaa3\xf6\
\xc3\xf87N\xb4\xd45\xbf\x10\xf8~\x184\xed\x7f\x5c\
\x8e\x14\xb9\xd4\xbc\xa1$\x8c-\xd7d;\xc3\x1f\x99Q\
x\x0b\xc7\xafZ\xf1\x8f\x81\xdf\x08<e\xf0v/\x1b\
O\xac\xdf\xda\xf8\xb3R\xf1F\xb3>\xbcu\x00\x0d\x9c\
\xb2\xc9**\x8bw\x8bk\xa2*\xb0fVV n\
\xc0P*\xef\xd4\x8e]lX\xf8\xd7\xab\xd8x\xc2\xfa\
?\x81\x16\xba\xe4:4\x9a\xe5\x8b\xddk\xb7~zE\
4\x1ai,\x8b\x14[\x98\x1f:\xf6Pc\x18\xfb\xb1\
,\xad\xc1\xd9\x9c?\xd8\xcb\xc5Wz\xf7\xc0\xcd7\xc3\
\xda\xc4\x81\xb5\x7f\x05]\xdc\xf8_P\x0aA\xda\xfa{\
\xec\x88\x0cg8\x80\xc63\xd0\x90k\xb4\xf8_\xe0\x0b\
\xc94=OP\xf8\xa7\xa0\xdaI\xe2m_T\xb9\xbd\
\xd4$\x97\xc9\xbaVV}\x96\xb1\xc3.3\xe5\xc1j\
\xb1B\x06\xd4\xe5\x09\xdb\xc9f\xf2\x0f\x82\xba&\xaf\xf0\
\xe7\xf6\x84\xf8\x9d\xa3[xkT\xd3\xbc\x19\xe2\xa9\xac\
\xb5\x1d\x1e\xed-$\x16kw\x14\x01n\xd3 7\x96\
e\x91\x99\x83\xb1\x08vc#*\x0a\xe8>\xbc\xc7\x03\
\xaa[\xfc5\xb3\xfd\xaf\xbcq\x17\xc4\x19\xadl\xb4+\
\x7f\x08\xd9\xddl\xbc\x9eX\xad\xd6\xe2I\x11^EQ\
\x22\xa0r\x9cds\xcf\xa9\xae\xff\x00\xf6K\x1e'\xb8\
\xd4\xfe#y/\xa8M\xf0\xce]V3\xe0\xc6\xd5L\
\x8c\xefn\xc2O\xb4\x18\x0c\xff\x00\xbe6\xad\x98\xfc\xa2\
\xfdW\x91\xde\xb1\xf4\xbf\x0f\xd8\xf8\xbf\xf6\xab\xf8\x8c<\
S\xe1\xddB\xe3\xc3>!\xf0\xb5\x9e\x8d\x0d\xcd\xf6\x9d\
p\xb6s\xb2\x84\x13\xc4\x92\xc9\x18\x5c\x80\xc7\xe6\xc8\xe8\
px\xae\xa7\xf6~\xd4\xfcY\xf0\x9e\xfe\xfb\xe0\x07\xc4\
\x88\xb5;\xb8ti\xf7x[\xc4\x06\x09e\xb4\xbb\xd3\
fo\xdc[\xb4\xe1[\xca\x9a\xd8\xe6=\xb2\xb98\xc0\
\x0d\xb4.[z\x09ns\x9f\x04|=\xa4A\xfbF\
\xfe\xd0\x9e\x13{tH\x8c\x9a<\xb0\x002c\x8a\xfa\
\xcag\x98G\xbb;\x15\x8c\x99\xc2`s\xd3\xa5e~\
\xd5\xbe\x05\xf0\x8f\xc3\x1f\x85\xde\x05\xf1G\x85\xf4\x8b-\
:?\x01\xf8\xbfD\xbf2\xc1\x04h\xe6\xda\x16h\x88\
\x91\xd5C6\xe6(X\x92Ink\xaf\xf0\x0d\xb6\xb1\
\xa7\xfe\xd7\x1f\x11\xbcI>\x89\xac\xc3\xa1x\x93J\xd2\
\xed\xadu\x19,.R\xda[\x9bH\xe3\x8d\x93\xcc(\
1\xb4\x12\x03\x9c'\x07\x9e\x99\xf4\x7f\xda\x9f\xc1\x1e\x22\
\xf8\x95\xf0?\xc4^\x01\xf0\xbe\x98\xfa\xa6\xa9\xac\xa4\x0b\
l\x81\xe2\x8d\x11\xe1\xb9\x86p\xf2<\xcf\x18P\xbe^\
x\xc98\xe9N\xe8G\xbc\x0d:\xcdo\xce\xac!A\
x\xd0\x8bs>\x06\xf3\x18b\xc1\x09\xee\x03\x12@=\
\x098\xeas\xf1\xcd\xf8\xff\x00\x85{\xfbo\xe9\xd7\x80\
yv\x1f\x14\xbc+-\x9bv\x0f\xa8i'\xcd\x0cO\
BV\xd9\x02\xfdZ\xbe\xa7\xf04\xbe \x97\xc2\x9aZ\
\xf8\x9e\xc1\xf4\xfdR\x1bXb\xbb\x85\xe4I\x7fz\x91\
\xa8r\xaf\x19*\xca_8<\x13\xdc\x0a\xf3\x1f\x8a_\
\x04\xa5\xf8\x9f\xe3?\x09\xf8\x9a\xf3[\x9bN\x83\xc23\
\xbd\xe5\x9cV\xa8\xcb7\x9f&\xd0\xec'I#eR\
\x14\x02\xbf0=\xc5Je=V\x86\xcf\xc7\x0bw\xb6\
\xf0,\xbe1\xb3*\xba\x97\x83\xaec\xf1\x0d\x89f\x09\
\xbd\xads\xe7@\x18\xe3\x9b\xabf\x96\xd8\x7f\xd7N\xe4\
\x0a\xf9\xe7Q\xf8\x0f\xa6x\xab\xc6\x9a'\xc5\xcf\x81\xba\
\xb1\xd2\xb4mkZ\xd2\xf5\x0f\x15\xe8\xad\x1c\x96\xf6\xb7\
\xf1\xd9\xdd\xc1|\xb7\x09\x0c\x8a\xa6+\x94h\xd4\x9c/\
\xce\x09\x19\xcd}\xb6\xba|F\xce+\x1b\x90n\xa3\x8d\
\x166\xf3\xc7\x98_f0\xcf\xbb;\x9b \x1c\x9c\xfe\
ux\x8cc\x03\x81\xd3\xdb\x9aJV\x1b\x8d\xcf\x07\xf1\
\x17\xc0\xe8\xbcI\xf1\x97N\xf8\xc0\xda\xd5\xe6\x93w\xa5\
\xe9m\xa3\xa4Za\x115\xcd\xbb\xb1\x91\x96\xe6F\x04\
\xb2\xab\xb1*\xab\xc0 \x1e\xa3\x8fg\xb7\xd2,-o\
n5(-\xe3K\xab\xad\xa2i\x82\x8d\xec\x14\x00\x03\
7R\x00\x1c\x0c\xe0u\xc6I\xadl\x8a2)\x06\x81\
I\x91\xebFEd\xea\x9a\xbe\x9b\xa2\xda\x9b\xbdR\xe6\
+Xs\xb44\x8c\x06I\xe8\x00<\xb3\x13\xc0\x03$\
\xd0\xb5|\xabprI]\x9a[\x87U5\xc9\xea\xde\
(\xb7\xb1\xba\xfe\xc9\xd3a}SU#\x22\xce\xdc\x80\
P\x11\x90fs\xf2\xc2\x87+\xcbs\xce@5\xc7\xf8\
\x83\xc4z\x85\xf40\xaa\xc96\x83\xa7K \x02i\x15\
\x85\xf5\xd8\xc1>U\xb5\xaa\x832\x96\xceC|\xae6\
\x9f\x97\x1c\xd3\xb4\xef\x08\xdc\xea\x81-\xa6\xb5m\x1b@\
\xdaw\xe9\xbb\xbf\x7fv\xe4\xe7}\xd3\xa3d\x022<\
\xb3#\xe4\x10N\x08\xc0\xe9\x8d\x05\x1dj\xff\x00^\xbf\
\xf0\x0f6X\xa9NN\x14w\xef\xfdl\xbdL\xd8F\
\xa7\xe2\x1dM'\x82Hu]B\x091\xf6\xd0\x0f\xf6\
e\x81\xc0?\xb8B\x7f\xd2g\x03\x1f1\xce\x09\x19 \
)\x15\xe9:'\x87-4U\x92`\xd2]\xdf\x5c\xf3\
s{pwM)\xe9\xf3\x1e\xc8\x00\xf9Qp\xaa\x00\
\xc0\xcf'j\xda\xd6\x1b8\x92\xde\xd6\x15\x8a(\xc6\xd4\
\x8d\x14*\xa8\xf4\x00qVpG\xa9\xac\xeaWrv\
\x86\xdf\xd7\xf5\xa1\xad\x0c$i\xbeyj\xff\x00\xcf\xfa\
\xeaKE\x14VGpQE\x14\x00QE\x14\x00Q\
E\x14\x00QE\x14\x01\xff\xd3\xfd\xfc\xa2\x8a(\x00\xa2\
\x8a(\x00\xa2\x8a(\x00\xa2\x8a(\x00\xa2\x8a(\x01\x9d\
G\xd2\xb35\x1d2\xc3U\xb7{=J\xda+\xaby\
:\xc7*\x86S\x83\x91\xc1\x18\x07<\xe7\xadjv\xc7\
4\x984\xa2\xda\xd52%\x1b\xab5ty\x8e\xa7\xe0\
\xcb\xd4\x80Ab\xe9\xaa\xd9!\xdd\x1d\x8e\xa8\xcc\xcf\x19\
\xfe\xf5\xbd\xd8\xcc\xb10\x19\xda[q\xc9\xfb\xca+\x1a\
\xcf_\xd5\xb4i\xd6\xc9.\x9e'\xc6\x17L\xd7\xfeG\
\xe3\xa8\xb7\xbeL\xc7(P0\x03n\xc9\xeb \xaff\
\xc1\xc8\xe2\xaa]\xd8\xda\xdf\xc0\xd6\xb7\xb0Eq\x03\x8c\
4r\xa2\xba\x9ct\xca\xb0 \xfe\x22\xba\x16!\xbd*\
+\x9cR\xc1\xd9\xde\x93\xe5\xfe\xbe\xf3\x96\xb7\xf1\xa6\x9a\
%K=n)\xb4k\x89\x08TK\xe0\x02;\x1eq\
\x1c\xcaZ)0:\xedc\x8a\xec#\x95&\x8cI\x13\
+\xa3\x0c\x87S\x90G\xb1\x1c\x1a\xe1n<\x0e \x89\
\xe1\xd0\xafe\xb2\x8aL\x87\xb4\x9c}\xaa\xd1\x83r\xd9\
\x86RH\xce\x00\xe1\x80\x1d\x96\xb9I4MoDv\
\x9a+\x0b\xab<\x1d\xdev\x83)\x92&?\xc0\xa6\xca\
~\x8a;\x84\xda\xb4\xdd\x1as\xf8\x1d\xbc\xbf\xe1\xff\x00\
\xcc\x9fm^\x9e\x95c\xa7\x7f\xf8c\xda\xb7\x1a\x09\xf4\
\xc5x\xfd\x87\x8d\xb5X\x89\x80\xddi\xda\xabG\x841\
H[O\xb9i\x0f\xf0\xec\x9b\xf7_/p\xacMu\
\x1f\xf0\x9a\xd9Z\x06\x1a\xdd\x95\xf6\x97\xb7\xe5/<,\
\xd1n\xfe\xea\xc9\x1e\xf0\xdfP1Q<4\xd2\xd5i\
\xdf\xfe\x1e\xcc\xd6\x9e2\x9c\xdd\x96\x8f\xcf\xfak\xf1;\
\xba+\x16\xc7\xc4Z\x16\xa4\xc9\x1d\x8d\xfd\xb4\xd28\xc8\
\x8dd]\xf8\xff\x00s;\x87\xe2+g\x22\xa2Qq\
v\x92\xb1\xd7\x19\xc6J\xf1w\x16\x8a@\xcaz\x1a7\
\x0fZ\x95\xa9W\x1b\x83M*H\xe9\xf8\x7f\x9fJ\x93\
\x22\x96\x9d\x98\xec\xc3\x14RdQ\x91HB\xd1I\x91\
U/5\x1b\x0d>1-\xfd\xccV\xc8\xc7\x01\xa6u\
@O\xa0,@\xa6\x93n\xc8M\xa4\xae\xcb[\x8e)\
2Mqsx\xe7\xc3\xd1\xcam\xac\xe5}F\xe0\x0c\
\x88lci\x9c\xff\x00\xba@\x08\x7f\xef\xaa\xc6\xd4\xbc\
i\xabB2\x96v\xdaZ\xb2\xf9\x91I\xab\xce\x11\x98\
w\x1ff\x8bt\xdb\xbd\xaa\xa3\x87\xa9\xdb\xfc\xfe\xe3\x92\
x\xcaQ[\xff\x00^\xbb~'\xa5\x83\xd3=k\x9d\
\xd5<S\xa1\xe9\x12\x08.\xaeU\xae\x18\xedKhs\
,\xce\xde\x8b\x12\x02\xc5\xbd\xab\xcd|\xfdk\xc4$\xed\
}OX\x85\x80!-Ti\xd6L\x87\xaa\x99$>\
d\x98>\x9bN+\x7fK\xf0N\xab\x12l\x92\xe6\x0d\
\x1e\x16\x18\x92-%\x08\x99\xf1\xd0\xc9w(iX\xfa\
\xe4s\xebZ\xac<#\xefTz\x18<]Y;R\
\x87\xdf\xfdX\x87V\xf1v\xaa\xb8A\xe5hQJv\
\xc4n\xc7\x9f{)<\xa8\x8a\xce\x22Hf\x1c\x0d\xec\
\x18\x1e\xaazUM3\xc3\x9a\xcd\xfd\xc9\xbf\x86\x19,\
\xe4<\x7fjk\x04\x5c_\x15#\x1f\xb9\x80\x01\x15\xb0\
#\x1d\x94\x82>h\xdb\xadz\x0e\x95\xe1\xbd#C,\
\xda]\xa2E#\x8d\xaf3e\xe5a\xd7\x0d+\x96r\
;\x80N=\x05t\x1f\x85\x0f\x11\x14\xb9`\xbecX\
9\xcd\xf3\xd5w\xf29\xad#\xc3:n\x91)\xbc\x89\
^\xe2\xfaU\xdb-\xed\xcb\x19'q\x90H\xf3\x0f\xdd\
Ry\xd8\x81Ts\x80+\xa1=\x0d?\xe6\x03\x8a6\
\xf1\x5c\xd2\x93\x93\xbb;a\x05\x15\xca\x90\xfa(\xa2\x99\
\xa8QE\x14\x00QE\x14\x00QE\x14\x00QE\x14\
\x00QE\x14\x01\xff\xd4\xfd\xfc\xa2\x8a(\x00\xa2\x8a(\
\x00\xa2\x8a(\x00\xa2\x8a(\x00\xa2\x8a(\x00\xa2\x8a(\
\x00\xa2\x8a(\x00\xa3\xad\x14P\x06]\xee\x95\xa7\xea*\
#\xd4-a\xb9P\x08\x02dW\xc6}\x09\x04\x8f\xc2\
\xb9\x91\xe0m2\xd8\x7f\xc4\x9e\xe2\xf7J\xc1\xdd\xb6\xce\
wTf\xf5h\xd8\xb2\xb7\xe3]\xb8\xebIN3\x9d\
=`\xecc\xec)\xd6\xd2h\xf3\x1b\xdf\x04k\x12\x89\
\x0b\xdc\xe9\xda\x93Lr\xed}f\xa8\xc3\xe8\xf6\xc66\
\xcf\xd4\x9a\xc7\x1e\x15\xd7,B\xc1c\xa5\xb4\x0a\x0f\xcf\
&\x99\xa9\xcbn\x1b\xdf\xcb\x91\x5c\xe7\xd8\xb5{I\xe9\
M\xeckO\xadJ\x9c9\xbav9\x1e\x06\x94\xear\
\xad\xfb\x9e4f\xf1E\xb1\xf2m\x07\x88\xe1\x03\x82e\
\x86\xce\xec\x0f\xa3\xc9 b=\xf0)G\x88\xb5[%\
\xc5\xc6\xb3r\xaf\xfd\xcb\xbd*O\xfd\xb7R?Z\xf6\
2\x06\xe1\xefGjq\xc5\xa7\xbcG,$\x96\x8ao\
\xfa\xf4<e\xbcu\xac\x0f\xf5w\xf6'\xdd\xb4\xcdL\
\x1f\xfct\x0a_\xf8N\xf5\x9f\xf9\xfe\xb0\xff\x00\xc1n\
\xa9^\xcb\xf8\x9a?\x13W\xedi\xff\x00/\xe5\xfeE\
}J\xa7\xf3~\x7f\xe6x\xe2\xf8\xc3Q\xb9\xe1\xb5\x84\
\x88\xfa[iW\x8c\x7f\x0f5H\xa6\xff\x00h\xf8\xae\
F\x0d\x15\xce\xbdu\x11\xe0\xb4:}\x9cc\xf02:\
\xb0\xfc\xab\xd9\x07N\xa6\x9e\x00 \x122i\xaa\xea[\
E\x12\xb0\x93\xeb7\xf2\xff\x00\x83s\xc6N\x93\xe2+\
\x9d\xb2Gc\xac\x5cD\xdf}/\xf5A\x06\xe1\xef\x14\
k\x22\xfe\x19\xa9\xed<\x07\xa8\xa4\xac\xf1Z\xe8\xd6)\
0\xc3~\xea[\xb9P{\x19\xa41\x93\xef\xb6\xbdv\
\x8a\x99\xe2e\x1d\x12\xff\x00 y}$\xef-\x7f\x0f\
\xc8\xe1\xa1\xf0d\xcf\x1aG\xa8\xeb\x17\xd3\x22p#\xb7\
e\xb4\x88\xaf\xf7Lp\x00\xa6\xb64\xdf\x09\xf8wH\
\xc3Xi\xf0F\xc1\xb7\x86+\xb9\x83z\x86}\xcc?\
\x03]\x11\xe8)\x0fJ\xcb\xda\xceP\xbbzv7\xfa\
\xb5:s\xb2Z\xf7\x10.\xde\x7f\x9dHy\x14\xb4T\
^\xe7J\x8aJ\xc1E\x14P\x01E\x14P\x01E\x14\
P\x01E\x14P\x01E\x14P\x01E\x14P\x01E\x14\
P\x01E\x14P\x07\xff\xd9\
\x00\x00!\x05\
\x89\
PNG\x0d\x0a\x1a\x0a\x00\x00\x00\x0dIHDR\x00\
\x00\x00\xc8\x00\x00\x00\xc8\x08\x06\x00\x00\x00\xadX\xae\x9e\
\x00\x00 \x00IDATx^\xed}m\x94\x1c\xd5\
y\xe6\xf3VOU\xcf\x08K{\xf8\x94\xa6\x1a\xd6J\
\xc2\xb1\xbaz|H8I\x881\xc8\xc6\xce\x06b\x1b\
\x81\xd7_\xbb^\xc7\xb6l\x1f\xe3\x1f\x0b\xc9\x9aE\xb2\
6\xf1\x87$\x90\x90f\x06\x88\xc1\xbb\xe7\x98\x1c\xcb\x02\
\x8c\xd9`\xb0\x0d\x12\xd8\x801\xdf\xc1q\xc2\x01\xcbL\
W\x8b\x95Ya\xa9\xab5\xe8\x83\x8d0\xcct\xd5\xf4\
}\xf7T\xcf\x08\x84\xa4\xd1T\xd5\xbdU]\xd5]\xf5\
g~\xcc}?\xees\xef\xd3\xf7\xde\xaa\xf7\xbe/!\
\x7fr\x04r\x04fE\x80rlr\x04r\x04fG\
 'H>;r\x04\x8e\x83@N\x90|z\xe4\x08\
\xe4\x04\xc9\xe7@\x8e@4\x04\xf2\x15$\x1an\xb9T\
\x8f \x90\x13\xa4G\x06:\xeff4\x04r\x82D\xc3\
-\x97\xea\x11\x04r\x82$0\xd0\xa7\xf2\xd0\xdb\x0a\x1e\
\xac>M\x9c*ZX\xc0\xc4\x0b4\xd2\xe63\xb0\x80\
\x98\x17\xf8\x7f\x99y\x01i\xda|\xdf\x1d\x16\xe2U\x22\
:H\xc0A\x9e\xf9+X\xbcJL\x07\xb5\x02\x0eN\
\x09moK\x87\xbd\x97\xc6~\x97\x80\xfb=m\x22'\
\x88\xc2\xe1/q\xf9d1\xa5Y`Q\xd1@\x16\x13\
Y\x10\x5c\x01\xe1\x0c\x85f\xdeT\xc5\xd8\x05\x8d\xaa\xc4\
l\x0b\xb0\x0d\xd2\xaaZ\x9f\xb0\xebT\xdb\x1f\x8b\xbd\x1e\
T\x9a\x13Db\xd0K^\xf9\x5c\x08\xfasA\xf8s\
\x02W\x00:MB\x9dBQ~\x99AU\x8d\xf10\
4~\xb8\xae\xd7\x9eV\xa8\xbc\xa7T\xe5\x04\x091\xdc\
mB0\xbd\x8b\x09\xef\x05\xe3?\x008!\x84x'\
\x9b\xbe\x06\xc2\xcf\x88\xf1\x18\x88\x7f\x91\x13&\xf8P\xe4\
\x049\x0eV\x8b&\xca\x8b\xb5\x02.\x06\xd1{ p\
\x1e\x08fphS\xdc\x92\xe1@\xc3S`~\x5c\xb4\
\xb0u\xcf@mg\x8a\xbd\xed\xa8k9A\x8e\x80\xdf\
?G\xc0\xc32\x90v13/\x03`tt\x84\xe2\
7\xee\x12\xd1\x16\xb0\xd8\x0a\x1d[\xf2\xf3\xcb[\x01\xcf\
\x09\x02`\x88\x87\x8c\x03nk\x19\x91v1\xd0&\xc5\
\xc9\xf1\xcf\xcbTZ\xd8\x0f\xd0\x16f\xb1\xf5$\xa3\xb0\
e\x8c\xc6\xdcTz\x99\xa0S=M\x90A\xb7\xfc\xc7\
\x04m9\xc0\x17\x03X\x9c \xeeY0\xb5\x13\xa0\xad\
\x0c\xb1\xb9a\xd4\x9e\xc9\x82\xc3q\xf8\xd8\x93\x04\xf1\x89\
\xa1A\xbb\x8c\xc1\x97\xc5\x01j\xb7\xe9$\xd0\xcd\x02\xe2\
\xe6^$JO\x11$'\x86\x1cu{\x91(=A\
\x90\x9c\x18r\xc48R\xba\x97\x88\xd2\xd5\x041'\x97\
,!\xadpe\xbe\x95RK\x90C\xda|\xa2\xb0h\
]\xef\xf4o\xdf\x1e\x8f\x85\xcek\xedZ\x82\x98Mk\
%4\xac\x00\xe3\x94\xce\xc3\xdc\xc5\x1e\x10\xf6A`\xc4\
)\xda\xc3\xdd\xd8\xcb\xae#\x8895t\x09\x04\xaf\x04\
\xf8\xbcn\x1c\xb0\xf4\xf6\x89\x9e\x82F\xc3N\xdf\xd8\xbd\
\xe9\xf51\xbcg]C\x10\x7f;\x05M[\x09\xe0\xf3\
\xe1a\xc8%\x14\x22\xb0\x09B\x0cw\xcb\xb6\xab+\x08\
\x92o\xa7\x14No\x15\xaa\xbah\xdb\x95i\x82\x9c\xde\
\x5cr\x96\xd0\xb4\x110.T1\xae\xb9\x0e\xc5\x08\x10\
\x1e\xd4\x84X\xb1\xbb\xb8}\x9bb\xcd\x89\xa9\xcb,A\
\x06]\xeb\xd3\x04\x8c\x00X\x98\x18ZQ\x0c\x11^#\
\xe6*C\x1b\x03qU#\x8c1\xf3+\xe0\xc2\x04\xb3\
7\xc9\xa20!\xfa\xf5\x89\x16\x9a\x13\xfb08\xe1\x9b\
8\x05\x8d\x81\x02\x8a\x03\xda\xa47@Zk\x80H\xef\
\x07\xf9\x7f\xe9D\xc1\x18\x02S\x85 \x86\x98\xa8\x02N\
}D\xf18\x03+\x1a\x86}[\x14\xf8:-\x93I\
\x82\x98\xcd\xf2\x08\x88\xae\xea4xG\xd9\x9f\xdeZ<\
\x01\x0dO\xfbD\x98\xf2\xb8\x1aw\xa4\xac\x1fq\xdc\xa7\
S\xa5M\x1c\x81s\xa1ai*\xdf\xdc1\x8f:\xc5\
\xda\x8a\xd4\x8d\xd9\x1c\x0ee\x8a )\xdcR\xed\x02\xe8\
\x09\x80\xff\x89\xa0=U7\xc6\x9eK\xc3\x04(\xb9C\
\x7f\xc4\x10\xe7\x01\xf4n\x80\x97\x021\xddh\x0c\xdb\xd9\
\x0cn\xb92C\x90\x14m\xa9\xb61\xe1^\x8dq_\
\xdd\xb0\x7f\x11v\x8et\xa2}\xc9\xb5\xde%\x08\x1f\x22\
\xc6%\x00\xce\xea\x84\x0f\x87\xd9\xcc\xd4\x96+\x13\x04)\
5\xcb\xeb\x98\xe8o;8\xb0/\xb5\xc3\xc0\x85\xd8\xd2\
\xe8\xaf=\xd8A?\xa4M\x0fN\x96/$M[6\
\x13\xd6\xffvi\x85\x11\x15\x10\xf3\xfaz\xb1\xf6w\x11\
\xc5\x13\x13K=AJn\xe5\xdb\x1d\x0a\x15\x99\x22\xe0\
\x0e0m\xd1\x8d\xd7\xb7\xec\xa4\x9d\x93\x89\x8dJ\x02\x86\
\x16\xf3\xe2~\xcf\x9d\xb7\x0c\xc4\xcb\x18\xf8$\x80\xbe\x04\
\xcc\xbe\xc5\x84\x1f\xaaR7\xaa_J\xdan\x18{\xa9\
&H\xc9\xb3\xeef\xc6G\xc2tHA\xdb} \xde\
\xdc\x12t\xcbx\xd1~^\x81\xbe\xd4\xabX\xd8\xb4\xde\
Y\xd0\xf8\xb3`Z\xde~\x89\x96\xe0C\x84\x1f\xd6u\
\xfb\xa3\x09\x9a\x0ce*\xb5\x041]\xebq\x00\xfe\x01\
3\xa9g\x071nA\xcb\xdb\x5c\x9f\xb7cwRF\
\xd3d\xa7\xf4\xfa\x99\xa7\xa3\xa0/g\xc2g\x01\x9c\x99\
\xa0oO8\x86\xfd\x9e\x04\xed\x056\x95J\x82\x98\xae\
U\x05`\x05\xee\x85\x5c\xc3g!x\x93W,l\xce\
\x13\xb1M\x03\xe9'\xba\xd3\x9b\xad\xe5\xd0\xc8\x0f\xdb9\
[\x0e\xde\xc0\xd2\xb6c\xd8\x95\xc0\xad\x13j\x98:\x82\
\x98\xae\xb57\xa1e~\x8a\x09\x1bD\x9f\xbea\x9c\xb6\
\xbd\x96\x10\xde\x992\xb3\x90\xcf:A\x9b\xf2V\x11c\
UBg\x94}\x8ea\x9f\x9a&\x90RE\x10\xd3\xb5\
8\x11p\x08\xf7\x10cCV^\xd3&\x82\xc9q\x8c\
\xf8\xaf\x89\x99\xb0\x0a\x8cK\x93\xf0\xc51\xec\xd4\xcc\xcb\
\xd48b6\xad\x9d \xc4\xfa\xda\x91@/\x0a\x88\x0d\
\x0d\xa3\xf6\x0fI\x0ct\xb7\xd9\x18t\xcb_\xd4\xa0\xad\
b\xf0\xef\xc7\xda7\xc6KN\xd1NE\x12\x8dT\x10\
\xc4t\xad\xc7\x00\xc4|H\xa3\x9b\x0azk\xc3.\xda\
\xee\xc4:\xb8]\xae\xfc\x0c^b\xb6\xbc\xc2*\x80\xaf\
\x88\xb9\xab\x8f;\x86\xfd\xde\x98m\xcc\xa9\xbe\xe3\x04\x19\
t\xad[\x08\xf8\xcc\x9c\x9eFm\xc0p\x18\xb4\xb2Q\
\xac\xde\x1eUE.w4\x02\x83\xcd\xca\xa7\x08<\x1c\
g\xb6I\x06nm\x18\xb6\xffF\xadcOG\x09R\
\xf2\xac\xeb\x99\xf1\xe5\xd8zO\xb8O\xf4i+\xf7\xd0\
\x98\xffV,\x7f\x14#\xb0\x88\x87*\xda\x94\x18\x06\xe3\
C\x8aU\xbf\xa1\x8e\x087\xd4u\xfb\xca\xb8\xf4\xcf\xa5\
\xb7c\x041\x9b\xd6\x06\x10\xbe2\x97\x83Q\xff\xcf\x8c\
u\x8d\xa2\xfd\xd5\xa8\xf2\xb9\x5cp\x04\x06\x9b\xd65D\
\x88/l\x84\xb1\xd1)\xda\xfe\x9b\xb4\xc4\x9f\x8e\x10\xc4\
\xf4*k\xc0\xfc\xf58z\xcb\xcc/\x02X\xd9(\xd6\
\xee\x8eC\x7f\xae\xf3\xd8\x08\x0c6\xcb\xfe\xd7\xf0a\x22\
\x8a\xe7\x00O\xb4\xd6\xd1\xab\xdfH\x1a\xff\xc4\x092\x13\
\x95{kL\x1d}\x96\xb9\xf0\xa9F\xf1y;&\xfd\
\xb9\xda\xe3 0\xd8|\xa7E\xd4\xf2\xcfz\xb1|\x5c\
d\xe03I_\xbcJ\x94 \xed\xfb\x1c\xa4\xf9\xd1\xb0\
q\xdc\x02|\xba\xd5t?<>\xff7/\xe7\xb3\xb8\
s\x08,|\xf5\x0fN+\x14\x8d\x1f\x0387\x06/\
\xc65\x16\x17&y\x857Q\x82\x98\x9e\xf5@,\xf7\
\xc7\x89\x1eq\xf4\xea\xfbc\x18\x90\x5ceD\x04L\xaf\
\xf2s0\xbf/\xa2\xf8\xecb\x84\x07\x1d\xdd\xbeH\xb9\
\xdeY\x14&F\x90\xb8\xae\xc9\x12\xe1'u\xdd\xfe`\
R\x80\xe5v\x82#P\xf2\xac\xfb\x99\xf1\x81\xe0\x12\x01\
[&x}7\x11\x82\xc4w\xee\xe0\x9b\x1c\xa3\xf6\xd7\
\x01a\xcd\x9bu\x00\x01\xd3-\xdf\x08\x90\xf2\x8f\x8aI\
\x9dGb'H\x5c\xe7\x0e\x22^_\xd7\xd3\x7f#\xad\
\x03s2u&K^y\x1d\xb3\xf2\x1b\xa1\x89\x9cG\
b'H<\xe7\x0e\xbe\xd11j\x7f\x93\xba\x99\x90;\
4+\x02\xa6[\xfe&@jW\xfb\x04\xce#\xb1\x12\
\xa4\x9d\xf1\x90\xb0Q\xf1\xbc\xd9\xe4\x18\xf6\x17\x14\xeb\xcc\
\xd5%\x80\x80\xe9Z\xdfQ\x9e\x1a\x96\xf1\x958\x13g\
\xc7F\x90v\xae\xdc\x82\xf6\xa4\xe2\x1cMw:\x86\xfd\
\x9f\x12\x18\xcb\xdcDL\x08\x98\xae\xf5\x8f\x00>\xa1L\
\xbd\x9f\x8b\xac%\xce\x8f+\x17p|\x04Q\xfckA\
\xc0c\x13\xbaw\xc9\x01\xdaqP\x19\xb8\xb9\xa2\xc4\x11\
8\x89\xcf\x5c0\xe0\xe9\xf72\xa02R7\xb6]E\
,\x04\x99.A \xeeQ\x85\xbe\x1f>\xa2\x19\xf8@\
\x9dj/\xa8\xd2\x99\xeb\xe9\x1c\x02%.\xbfC\xb8\xf8\
\x89\xd2\xb0\x14M\xbb4\x8e\xd2\x0b\xf1\x10\xc4\xad<\xa9\
\xb2>\x073\x7f,\x8f\xad\xea\xdc\x84\x8e\xc3\xb2\x1f\xbb\
EDw\xa9\xd3MO9F\xf5|u\xfa\xa65)\
'\x88\xea\x83y\x1e\x95\xabz\xc8\xd3\xa3Oy\x14p\
\x0c\x07v\xa5\x04Q~0'\xdc\xe7\xe8\xb6_\xc3<\
\x7f\xba\x14\x01\xd3\xb3\xb6*\xbbO\x12\xc3\x81])A\
\x94fAd8\xc2\xd0\xfe\x22\xbf\xec\xd4\xa5\xcc\x98\xe9\
V\xfb\xd2\x95+\x1eRu3Qu\xb6Fe\x04\xf1\
K-\x13\xe8_U\x0d'3\xfdU~MV\x15\x9a\
\xe9\xd6\xd3\xbe\xbeK\xfc=U^2\xf8O\x1aF\xed\
\x19\x15\xfa\x94\x11D\xe9\xea\x01\xba\xc91\xaaj\xbf\xba\
*@\xcb\xf4*W9zuT\x81\xaa\x5c\xc5\x11\x08\
\x98n\xe5FU\x89 T\xae\x22J\x08\xa2r\xf5\xf0\
S\xf3hzki\x1a\xb3\x8f\xcc\xe4\xedz\x88\x05\x8f\
f=\xcb{\xda\x18\xeagK\x11^\xe1\x09U)\x85\
T\xad\x22J\x08\xa2r\xf5\xf03\xb9\xa75o\xd5[\
\x12\xdb\x11\x8fz\xcd\xc2u{\xdf6\xb6'm\x93-\
\xab\xfe\xf8y\xb7\xfc_\x7f\x15\xfe\xabZE\xa4\x09\xa2\
r\xf5\x00\xe1\x1eG\xb7?\xac\x02\xa08t\x1c#\xf3\
\xe36\x02F\xeb\x19\xad\xbf\x17\x07F\xb2:M\xcf\xfa\
\xb1\xaa\x0c\x8e*V\x11i\x82(\x5c=\xfcz\x1cK\
\xd3\x9c\x0et\xb6\xd4\xa8\x04|\x0f\xd0F\xeb\xc6\xd8\xaf\
d'H\xaf\xcb\xb7\xd3\x9c\x02O\xa8\xc8\x05\xacb\x15\
\x91\x22\x88\xca\xd5\x83\x09\xd74t\xfbki\x9e \xc7\
\xcd\x1dL\x18G\x0b\xd79\xfd\xb6_y7\x7f$\x10\
\x18\xf4\xac\xab\x89\xa1$e\x93\xec*\x22E\x10\xd3\xad\
\xdc\x04\xf0\xe5\x12X\x1c\x12}\xb6\xa5\xebK\xd3\x9ee\
=Prm\xc2C\x0c\x1em\xe8\xd9.\xd5\xa6`L\
#\xab\xf0\xb3\xca\x17<\xcf_E\x14dG\xa1o9\
F5\xf2\x8d\xc6\xc8\x04\x19\xe2!\xe3\x15Ol\x07 \
\x9fdX\xf0\x15N\x7f\xed[\x91\x11MH0\x10A\
f|a\xd0u\xa2\xd97<>\x7f[\x9ee%\xc2\
\xf8\x98\x93\xe5\xcb\xa1\xd1M\x11D\x8f\x14\xd9y\xa2\xae\
-\x19\xa317\x8a\xae\xc8\x04Q\x18l\xb6\xc3\xd3\xb5\
\xb3\xb3P\xbc&\x0cAf\x06\xe3\xd73\x87\xf8\xb8\xf2\
\x80E\x19\xf3L\xc8\xb4\x8b\xf8x\xe2Y\x15\x95\xaed\
\x82]#\x13\xc4t+\xdf\x05\xd8\xafi'\xf5\x10\xe3\
k\xf5\xa2}\x8d\x94\x92\x84\x84#\x10d\xda3\xe6\xdb\
5\x83\x87w\xd3\xf6m\x09\xb9\xda\x15fJM\xeb\xab\
L\xb8Z\xbe3\xb4\xd91\xaa\x9f\x8b\xa2'\x12AJ\
\x5c>\x99=\xf2\xb7W'G1z\x98\xcc>\x9a\xf2\
\xce\xceJM\xc0\xc8\x04\xf1;L\xfc2@\xa3\x8e\x9e\
\x1f\xe2\x83\xce\x19\xbff\x22\xf7\xe9\xfe*\x22[Xt\
?\xe9\xbc\xa4N\xb5\xfdAm\x1fj\x17\x8d ny\
9\x83\xbe\x1b\xd6\xd8Q\xed\x89G\x1d\xbd\xb6BZO\
B\x0a\xa4\x08\xf2\xa6\x8f?cj\x1f\xe2\x1fH\xc8\xed\
L\x9b1\xbd\xf2\x08\x98\xae\x92\xed\x04\x81?W7j\
\x9b\xc3\xea\x89F\x10\xafr\x173\xcb\x96\xee\x9dj1\
\xce\xceR\xa9eE\x04\x99\xdeu\x81\xae\xa7\xc9\xa9k\
\x9d\x05/\xec\x0b;h\xbd\xd4\xbe]\xa2\x9a\xe0\xaf\x22\
Ru\xdc\x89\xe8\xee\xba^\xfdXX\xecB\x13d\xd1\
Dy\xb1Vho\xaf\x8c\xb0\xc6\x0eoO\xc0mu\
\xc3\x8e\xafp\x8e\x8cs\xb3\xc8\xaa$\xc8\x8c\x89_\x13\
\xf8\xba\xbaQ\xbb%\x06w\xbbFe\xc9\xb5ne\xe0\
\xd3\x92\x1drE\x8b\x97\xec\x19\xa8\xed\x0c\xa3'4A\
L\xb7|9 \xff\xfa\x8d\x98>Q/V\x7f\x10\xc6\
\xd9N\xb7\x8d\x81 3]\xe2\xdb\x0bL\x1bv\x15\xed\
\xe7;\xdd\xc74\xda/5+\x1fg\xe2;\xe5}\xe3\
+\x1c#\xdc\xe7\x84\xd0\x04)\xa9\xd9^\xbdd\xe8\x13\
\xe5\x9d\xb4sR\xbe\xd3\xc9i\x88\x8f \xed>\xec\x05\
\xc1?\xc4\x0f'\xd7\xa3lXZ\xcc\x8b\xfb]o\xa0\
\x06\xc8\x15y\x8d\xb2\xcd\x0aM\x10\xd3\xb5\xfc\xe8U\xc9\
\xf2\x05r_7;5\xac1\x13\xe4P\xb7\x1e\x86\xc0\
F\xa7\xdf~\xa8S\xfdL\xa3]EQ\x1b\xe3\x8ea\
/\x0a\xd3\xbfP\x04Y4Q\xbe@+\xd0#a\x0c\
\x1c\xab-\x0b\xbe(\x8b\xf7)\x12\x22H\x1b2\x06n\
\xd0\xf5\xbe\xab\x7fK\xbf~E\x16\xefn\x90\x1f\x9c,\
_H\x1aI\xbf\xf9\x13-~\xdf\x9e\x81\xda\xa3A1\
\x09E\x10\xb3Y\xfe:\x88\xd6\x04U>K\xbbm\x8e\
a\xff\xa1\xa4\x8e\x8e\x88'I\x10\xbf\x83\x04<\x0f\x0d\
\xc3\xf5>\xfb\xb6\x8et8eFM\xd7\xf2\xa3\xa5\xcf\
\x92r\x8b\xf9\x1bN\xb1\xb66\xa8\x8ep\x04QP\x00\
'\x0bQ\xbb\xb3\x81\x974A\xde\xf4\x83\xbe/\x98\xd6\
\xed)\xf6v\xb5^%Q\xbe!\x13^\x87#\x88k\
\xbd\x06`^P\xf6\x1d\xab\x1d\x11\xbf\xbb\xae\xd7\x9e\x96\
\xd1\xd1)\xd9\xce\x11\xa4\xdd\xe3} \x8c\xf4\xf2!\xbe\
\xe4\x95\xcfe\xa6\x7f\x92\x1c\xff\xd7\x1d\xc3>!\xa8\x8e\
\xc0\x04Qr\xfe 8\x8en\x97\x82:\x97\xb6v\x1d\
&\xc84\x1c\x84\x87i\x8a\xae\xad\x0fT\x1fN\x1b>\
I\xf8czV\x1d\x0cS\xc6V\x98sH`\x82\x98\
\xcd\xf2j\x10\xc9\x95\xe1e\xfc\xd8)\xda\xffQ\xa6s\
\x9d\x94M\x05Af\x00 \xe0\x86\xa2\xde\x5c\xf3\x22\xbd\
\xf8o\x9d\xc4$i\xdbf\xd3\xfa\x11\x08r\xd7\xb2\x99\
\xd78\xc5\xda\xea \xbe\x07&\xc8\xa0k=B\xc0\x05\
A\x94\xce\xd6\x86\x99\xffG\xa3X\xdb \xa3\xa3\x93\xb2\
i\x22\xc8\x0c\x0ec\xcctm/\xe5\x0f\x1bl\x96W\
\x11\xd1\xb52\xf3\x80\x81G\x1b\x86\x1d\xa8\xc0h`\x82\
\x98ny\x1c\xa0\xd3d\x1c\xd3\xa0\xfd\xd9nc\xec\x97\
2::)\x9bB\x82L\xc3\xc1\xb8\x03h\xadu\x8a\
/\xf8\x1f\xd3\xba\xfa9\xdd\x1d:G@\xfc\xb3\x5c'\
\xf9e\xc7\xa8\x05\xfa\x96\x17\x88 3\xe1\xedrAu\
\x84\x03\x8en\xcb\x86\xc7\xcb\xe1\x22)\x9dZ\x82L\x9f\
M\xf6\xa1E\x1b\x9d\xfe\xeeOlgz\xd6~0N\
\x92\x19N\xd2\xf9\x94 \xe1\xef\x81\x082\xe8U\xce'\
f\xff\x8ep\xf4\x87\xf8^G\xaf]\x1a]A\xe7%\
SM\x907\xe0\xe1\x9fk\x84\xabw\xeb\xc1?\x86u\
\x1e\xd9p\x1e\x98^\xf9\x1e0]\x12N\xea\xad\xad\x99\
hiC\xaf>9\x97\x8e`\x04q\xcb\x97\x11\xe8\xdb\
s);\xee\xff\x09+\xb3~Y(\x1b\x04\x99\xd9u\
\x11]\xe7\xf5\xb5\xd6\xec\xa3\xed\xafJ\x8d[\x0a\x85M\
\xcfZ\x01\x86T\xcc\x1a\x83\xbf\xd40js&\xa9\x0b\
D\x90\x92k\xdd\xc0\xc0\x7f\x93\xc1J\xd3\xf0\xa1\xdd}\
\xf6\xfd2::-\x9b%\x82\xcc\x9cM\xaa\x00_\xe3\
\x14kwt\x1a;\x95\xf6O\x9f\xb2>(\x04\xee\x93\
\xd1I\xc0\xdf\xd7\x0d\xfb\xcbs\xe9\x08D\x10\xd3\xab\xfc\
\x14\xcc\x17\xcd\xa5\xecx\xff\x17-\xfe\xbd\xb0\xb1\xf82\
\xf6\xe2\x90\xcd\x1cA\xde\x00\x81\xbe\xaf\xe9\xbcz7\xd9\
\xff'\x0e\x5c\x92\xd69s'\xe9\xffJ\xd9%z\xc0\
\xd1\xab\x7f9\x97\x8e`\x04iZ\xbf\x05\xe1\x8c\xb9\x94\
\xcd\xfa\x7f\xc2k\x8en\xbf-\xb2|J\x04\xb3K\x90\
6\x80\xfbI\xf0\xfaz\x7f\xed\xfa\x94\xc0)\xe5\x86\xe9\
Y\xbf\x03#\xf0\x17\xf1\xa3\x8c1v9E\xfb\xdf\xcf\
\xe5\xc4\x9c\x04\x99I\xbf\x22\xb5\x8f%\xf0\xbf\xd4\x8d\xda\
9s9\x93\xf6\xffg\x9c 3\xf0\xf2#L\xb4\xba\
\xa1\xdb\x8f\xa7\x1d\xef\xe3\xf9Wr\xcb\xbfd\xd0\x9f\xca\
\xf4\xc1\xd3\xb5\xf9s\xa5\x9b\x9a\x93 \x8b\xdc\xa1?\xd5\
 $\xbf]DO\xbb\x22\x03\x80j\xd9\xee \xc8!\
\x9e`\xa4\xf5\x8a\xbef|\xd16?\xbe.s\x8f\x8a\
\xb4S\x02\xda9{\x8c\xb1\x7f9^\xe7\xe7$\x88\x8a\
\x03\x11\xba\xe0\x0d\x96\x0fbW\x11dzVT\xc1X\
\xeb\x14\xed\x7f\xcc\x1aCT\xbc\xc9\x0a\xf2\xe2hN\x82\
\x98M\xeb?\x83\xfc/\xb5\xd1\x9f \x8eD\xd7\x9e\x9c\
d\x17\x12\xa4\x0d\x9e\x9f\x9d^\xd3\x0b\xabw\xd1\xf3\xbf\
I\x0eM9KJ~\xb8\x19\x9ft\x8a\xf6\xff\x96Z\
A\x06\x15|\x03\xc9r\x88\xfb\xe1\xe0u+Af\xfa\
x\x80\x81\xb5\x0d\xc3\xfe\xa6\xdc\xd4MFZE\xe8{\
\x90o!s\xae %\xaf\xf2\xdf\x99Y\xaa.\x1fA\
;\xbbn\x8c=\x97\x0ct\xf1Y\xe9r\x82L\x03G\
\xf8\x19\x83\xd6\x04\xf9\xca\x1c\x1f\xd2sk.\xb9C\x7f\
\xc4h\xe7\xee\x8d\xfc\x10\xd1Uu\xbdz\x9d\xd4\x0ab\
z\x955`\xfezd/|AnY\xdd\x10H\xd7\
\x13\x0494\xd0\x8c\x8d\x861\xb1:\xad\x99g\xcc\xe6\
;\xca\xa0\x82-5/\x89\xd6:z\xf5\xb8W8\xe6\
^A\x14|E\xe7\x16\x167\x06\xec\x97\xa4:\x93\x02\
\xe1\x9e\x22\xc84\xdec\xa4i\xab\xeb}cw\xa5\x00\
\xfe\xb7\xb808a\xbd\x9d\x0a\x08\x95\x04\xee\xc8>\x04\
\xf9\x9a>'AL\xd7\xfa\x0e\x80\xcf\xcb\x00\xd4\xd2\xf5\
\x85\xe3\x94\xfd:\x19=H\x90C\xc3~K\xab%\xd6\
\x8c\x0fl\x97\xfbz-3\x89\x8e\x90]\xc8g\x9dV\
\xf0\xbcqI\x95\x9b\x1c\xc3\xfe\x82\xd4\x16k\xb0Y\xfe\
\x01\x11\x85\xceiz\xb8QW\x17\x0b\xba!h\xae\x87\
\x09\xe2\x0f\xe7\x01\x80V;FUEQ\x1b\xc9y\x0d\
\x9c\xc2K\xe6\x1b\x9evPF\x113\xdf\xd5(\xd6>\
.E\x10\x15qX\x8e\xbeP\x07=:%\xd3\x994\
\xc8\xf68A\xa6\x87\x80\xf1 Z\xbc\xc6\x99W\x93M\
\x9e 7\xa4|A\x9f\xe9\x8d{RJ\x02\xc4c\xcd\
\xbd\xc5R\x10\xa8\x98\x13Dj\x18\xd3%\xccx\x904\
^\xdd\xf1\xcc4i!H\xbe\xc5zs~\xf6\xf8\x0a\
\xb2\x1f\xe0\xd5a\x93?\xc7\xc5\xee\xf4l\xb1\xf2C\xfa\
\x1bc\xdc\xbb\x04\xa1\xcd\xac\xf3\xea\x06\xa5\xe7Mdj\
\x0e\xe9*.K\xe5\xafy\xe3\xfa\x1d\x8d]\xef\xafY\
\xe3\xd5\x8d\xbe\xda\x0fc\xb7\x14\xd2@z^\xf3\xe6\x1f\
\x0a{r\x05!\xe2\xf5\xfa\xee\xc9\xabw\xfe^:K\
T\xa4\xe7Ca\x1ej\xd2[\x04az\x80ZbM\
}^\xba\xd3\xc3\xa6&\xd4$\x0fV\xec\x99C\xba\x9f\
\xd6i\xb5c\xd8\xff3\xe4n\xa7#\xcdS\x13\xac\x98\
\x87\xbb\xf7\x02A\xf8\xbb\xa2\x85\xb5Y\xca\x19\x90\x9ap\
w%\x8e\xe4\x17\xa6:\xf2+\x1b\xc0\xe86f^\xd3\
(\xa6\xef\x10>\x97\xef\xa9\xb90\x95_\xb9\xed\xce\x15\
\x84\x09\xebh\xef\xbc\xf5\x8e\xf9\xcc\xebsM\xc64\xfe\
?5Wn\xf3\xa4\x0d]F\x10\xe2\x9f\x92\x87\xb5i\
?\x84\xcfE\xca\xd4$m\xf0\x1d5\xf3\xb4?\xed\xf1\
\xca\xf8\x87\xc2\xbd\x10X\xe3\xf4g\xe3\x10>\x17AR\
\x93\xf6\xa7=1\x14\xc4c\xe5\x89\xe3\xe6\x1a\xf2X\xff\
\xbf\xa9%Z\xeb\xc6\xfb_x1V+\x09)O]\
\xe28\x15_\xd3\xbb!qC\xf6V\x10\xfe\x153\xad\
i\x14\xed\x1f%4w\x131\xa3\xe2\xc5Q\x90\xcbR\
~g\xe6\x8c\xe6\xf5\x1b\xa9\xf8\x16\xd2\x0d\xa9\x7f\xb2D\
\x10f\xac\x9b\xfa7m\xc3\xde\xd3\xc6~\x97\xc8\xacM\
\xd0\x88\x8a7XA\x126\x04'\x88\x8a\xf2\x07\x8c\x1f\
9E\xfb#\x09\xe2\xa8\xdcT\x16\x08B\x84\x9f\xb0'\
\xd69\xf3\xb6?\xa5\x1c\x80\x94(4\x9b\xd6\x0fA\x90\
*\xe5\xa7\xb4\xfc\x81\xa2\x02:\xfb\x1c\xdd>5%\x18\
Gr#\xd5\x04!z\x19~\xed=\xc3\xfe_\x91:\
\x97!!\xd3\xb3\xf6\x82q\x8a\x8c\xcbJ\x0b\xe8L\xbf\
\xc1\x91/\xc1\x96\xf5\xf4?)&\xc8&Mh\xd7\xee\
\xee\x1f\xdb!3i\xb2 \xab\x22\x06\x0bP\x5c\x82m\
\xfa\x1c\x22_\xc4\x13\xc0\xe5Y\x89\xf59\xd6dI!\
A\x9ec\xe6k\x1a\xc5\xda\xddY\x98\xdc*|4]\
\xeb\xbf\x02\xf8\x96\x8c\xaeX\x8ax\x96\x9a\xd6W\x99p\
\xb5\x8cc\x00}\xdf1\xaa\x9f\x92\xd3\xd19\xe94\x11\
\x84\x19\xd74\x7f\xe7\x8d\x1c8y\x87T\xe2\x82\xce\xa1\
\x19\xcd\xb2\xe9Vn\x07\xf8\xbfD\x93\x9e\x96\x22\xc6\xd7\
\xeaE\xfb\x9a :\x02\xbd\xc5\xf2\x15\xa9\x88\x9e\x04\xb0\
\xcb1\xe6\xae\xc9\x10\xc4\xf1N\xb4I\x03A\x88\xf1\x13\
!\xe8\xda\xc6@U\xaefd'\x00T`\xd3t\xad\
\xdf\x02\x12\xb5j|\x82\x10\xbf;\xe8\x9d\xfa\xc0\x04\x99\
>\x87X\xfe+\xc3\xe8EK\xa6\xdf+\x9f[7\xec\
_(\xc0*q\x15\x9d%\x08\xbf\x0c\x81\xab\x9d\xfe\x9a\
\xd4\xf6\x22q\xd0\x14\x1a,\xb9\xd6\xbb\x18xZR\xe5\
k\x8e\x11\xbc\x98S8\x82x\xd6\x8f\xc1\x90\xaaT\xcb\
\x84k\x1a\xba\xfd5\xc9NvD\xbc\x83\x04\xf9\x0e\x09\
\x1e\xae\xf7\xd7^\xe8H\xc7Sbt\xd0\xb3\xae&\xc6\
W\xa5\xdc!\xdc\xe3\xe8\xf6\x87\x83\xea\x08E\x90\x92k\
}\x99\x01\xd9\x12^\xdb\x1c\xc3\xfe\xc3\xa0\x0e\xa6\xa9]\
\x07\x08\xf2\x1c1\xad\xaf\x17\xab?H\x13\x0e\x9d\xf2\xc5\
t\xad_\x018K\xc6>\x01W\xd6\x0d\xfb\x86\xa0:\
\xc2\x11\xc4+\x9f\xcbL\xd2\x09\xc3X\xf0E\x8d\xfe\xda\
\x83A\x9dLK\xbb$\x09\xe2\x7f\x09/\xbe^\x1c\xdd\
y\xe2s\xff/-\xfd\xef\xa4\x1f\x83\x93\xe5\x0bI\xa3\
\x07d}\x08s\xfeh\x1f\xe8\xc3\x1a4\x9bV\x1d\x04\
3\xac\xdc[\xdb\xd3\xb7\x1c\xa3z\x85\x9c\x8e\xe4\xa5\x93\
 \x083\xeeg\xc1\xc3{\x06j\x8f%\xdf\xc3\xf4Z\
4\xdd\xcaM\x00_.\xe5!\xc3q\x8av)\x8c\x8e\
\xf0\x04\xf1\xac;\xc18n>\xd3\x00\x0e\xbcd\xe8\x13\
\xe5\xb4\xa6\xd6\x9f\xcd\xff\x98\x092\x0eA\xeb\x9d\xfe\xea\
\x8d\x01\xf0\xeb\xa9&\x8byq\xbf\xeb\x0d\xd4\x00\xbc]\
\xaa\xe3\x84\x1f8\xba\xfd\x890:\xc2\x13\xc4-_\x0e\
\x90t\x02cb\xfaD\xd6\xf6\xd6\xb1\x11\x84\xb1\x09h\
\x8dtC\x0d\x950\x93/h\xdbR\xb3\xf2q&\xbe\
3h\xfb\xd9\xdb\xf1\x15a3C\x86&\xc8L,\xfe\
v\x00\x86\x8c\xc3\x04\xdcV7\xec\xcf\xc8\xe8HZ6\
\x06\x82<\x0b\xc6\xc6,\x16\xd1L\x12\xfb\x92k\xdd\xca\
\xc0\xa7%m\xba\xa2\xc5K\xc2&\xa6\x08M\x10\xdf\xc9\
\x92W\xb9\x8b\x99?*\xe9\xf0T\x8bq\xf6x\xd1~\
^ROb\xe2*\x09BL\xd7\xd2$\x8d\xee\xfew\
c\x07\x12\xeb@\x06\x0d-lZ\xef,\x10\xfcRk\
}2\xee\x13\xd1\xddu\xbd\x1a\xba\x8cG4\x82\xb8\xe5\
\xe5\x0c\xfa\xae\x8c\xc3mY\xe2QG\xaf\xad\x90\xd6\x93\
\x90\x02\x15\x04\xf1\x0f\xe1\x9a\x10\xa3\xf5\x81\xed\x8f$\xe4\
v\xa6\xcd\x98^y\x04LW\xc9v\x82\xc0\x9f\xab\x1b\
\xb5\xcda\xf5D#\x08\x97Of\x8f\xfcm\xd6\xc9a\
\x0d\x1e\xd1~\x1fMyg\xd7\xe7\xed\xd8-\xa9'\x11\
q)\x820\xf60cc\xa3\xdf\xfe\xfbD\x9c\xed\x02\
#\xa5\xd7\xcf<\x9d\xfbt\x7f\xf5\x90\x0am\x07\xb0\x9f\
t^R\xa7\xda\xfe\xb0\xb0D\x22\x88oDE\xda\x95\
\xe9E$x\xe0X\xd8\xce\xa9n\x1f\x99 L\x9b\x05\
hdOq\xac\xaa\xda\xa7n\xd6\xa7&@\xb6=\xcb\
6;F\xf5sQ\xb0\x8aL\x90\xc1f\xf9\xa3D\xa4\
\xa2\xb8\xe3\x0eO\xd7\xce\xdeK\xe9\xbf\x1a\x1a\x9a \xec\
\xef\x9dy\xc4)\xd6\xee\x8828\xbd,3\x93n\xca\
_=\xce\x94\xc5\x81\x99?\x16\xf5J@d\x82\x0c\xf1\
\x90\xf1\x8a'\xfcm\xd6b\xd9\x0e@\xf0\x15Y\x08\xc2\
\x0bE\x10\xc6F4[\xa3\xce\x82\x17\xfc\x9c\xb7\xf9\x13\
\x12\x01s\xb2|94\xf9\xcf\x09\x00v\x9e\xa8kK\
\xc6h\xcc\x0d\xe9B\xbbyd\x82\xccl\xb3\xe4\xbfn\
N{\xfdlK\xd7\x97\x8e\xd3\xb6\xd7\xa2t\x22)\x99\
@\x04a\xfe)\x09m\xb4>P}8)\xbf\xba\xcd\
\xceB>\xeb\x84\x82\xe7\xf9\xe1\xfcg\xcb\xf7M.j\
C\x8a \x83n\xf9\x8f\x09\xf4\xaf\xf2\x9d\x00\xb2\x10\xe5\
{\x5c\x82\x10\x1a\xd4\xe2\xd1z\x7fM6\x98S\x05\x9c\
\x99\xd6\xa1$jw\x06\x01\x06\xffI\xc3\xa8=\x13\x15\
\x10)\x82\xf8FKn\xe5\xdb\x0c\xbe,\xaa\x03\x87\xc9\
M\x11\xb04\xcdwEf#\x083n\xed\x03Fv\
e\xe8\x9b\x8e\x82\xf1\x8aE\xc5\xcc\x9d\x0f\x7f\xf5\x90\xfa\
\xee1\xbd=\xa2\x9b\xebF\xf5K2\x8eJ\x13D\xe5\
*\x82\x90\xb1\xfa2\x1d\x8f\x22{\x14A\x98\x7f\xc5\xd0\
F\x1a\xc5\xea\xedQ\xf4\xe52G#`*\xb8st\
H\xab\xec\xea!}\x069\xe4\x88\xc2U\x04\xfej\xd4\
0j\xff\x90\xc6\xc9\xf3\x16\x820FZ\xae>:>\
\x7f\xdb\xcbi\xf45\x8b>\x0d\xba\xe5/\xfa\xbf\xfa*\
|W\xb1z(#\x88\xcaU\x84@/jzk\xe9\
.\xda\xee\xa8\x00J\xa5\x8e6A\x18\x0f\x821\xea\xf4\
\xdb\x0f\xa9\xd4\xdd\xeb\xba\xce\xe0%\xa6\xf0\x0aO0\xf8\
\xf7U`\xa1b\xf5PF\x10\xc5g\x11\x7f\xf7x\x93\
cT\xffZ\x05P*u\x98\x93\x95\xab\x9c\xfe\xea\xa8\
J\x9d\xb9\xaei\x04L\xb7r#\xc0J\xee\x08\xa9Z\
=\x94\x12D\xe5*\xe2;\xc6L\x7f\x95\xef\xed{\x83\
>\x83\xcd\xca\xa7\x88\xf8{\xaaz\xabj\xf5PJ\x10\
\xe5\xab\x08\xc3\x11\x86\xf6\x17{(\x0f\xcfP5q\xd2\
\xa8g\x11\x0fU4W<$\x7fKu\xbaw*W\
\x0f\xe5\x041'\x97,AA{R6o\xea\x1b\x03\
I\xb8\xcf\xd1\xed\x8b\xd38\xb0\xb9Oj\x100=k\
+\x18\x1fR\xa2\x8d\xb0\x0f-q\xbe\xd3\xbf\xdd\x8f\xf0\
P\xf2H\xbf\xe6=\xd2\x0b\xb3i\xad\x04a\xa3\x12\xef\
\xda[-\xack\x14m\xb9T/\xaa\x9c\xc9\xf5(E\
`\xb0i]C\x84\xbfS\xa6\x94\xf1\x15\xa7h\x0f+\
\xd3'\x1bj2\x9b#\xa6[y\x12\xe0\xf3T9*\
\x13l\xa6\xca\x87\x5c\x8fZ\x04\x14\x06\xbb\xce8FO\
9F\xf5|\xb5^J\xc6b\xcdJ\x90\xa9\xa1K \
\xc4=\xaa\x9ce\xe6\x17\x81\xbe\x8b\x1b\xc5\xe7mU:\
s=\x9dC`\xb0\xf9N\x0b\x98\xdaJDJ^\xe9\
\xb6{\xa2i\x97:}c\xf7\xaa\xee\x95\xf2-\xd6!\
\x07M\xd7\xfa\x0e\x80\xcf+t\xf8\xd9V\xd3\xfd\xcb\xf1\
\xf9\xbf\xc9?\xcc)\x045iU\x0b_\xfd\x83\xd3\x0a\
E\xe3\xa7j\x02\x11\xdf\xf0~\x93c\xd8_\x88\xa3/\
\xf1\x11D\xf5\x81}\xba\xf7O;\x86\xfd\xee8\x80\xc8\
u&\x83\x80\xe9Z~\xe2\xc1s\x95Y\x8b\xe1`~\
\xb8o\xb1\x11\xc47\xa2\xfa\xc0\xdev\x9c\xe8\x11G\xaf\
\xbe_\x19\xc0\xb9\xa2\xc4\x100\xbd\xca\xcf\xc1\xfc>\xa5\
\x06c8\x98'F\x906I<\xeb\x010.T\x09\
\x8a_\x87\xaf\xae\xdb\x1fT\xa93\xd7\x15/\x02%\xcf\
\xba\x9f\x19\x1fPj\x85\xf0\xa0\xa3\xdb\x17)\xd5y\x84\
\xb2XW\x10\xdf\xd6\xe9\xcd%g\x09\xd2\xfc<\xbc\x0b\
\xd5v\x84or\x8cZ\xea\xc2Q\xd4\xf6\xb1;\xb4\x99\
n\xf9F\x80\x94\x84\x91\x1c\x86\xc8\xb8\xc6\xe2\xc2\xdd\xc5\
\xed\xdb\xe2D)v\x82\xf8\xce\x0f\xba\xd6\xa7\x09\xb8U\
uG\x88x}]\xaf\xa9{\x8f\xae\xda\xc1\x5c\x9f_\
xi\x1d3\xfd\xadj(\x18\xf8L\xc3\xb0oS\xad\
\xf7H}\x89\x10d\xfa<R\x1e\x01\xc9\xe77:\x1a\
\x10\xbe\xd11j\x7f\x137P\xb9\xfe\xf0\x08\x98n\xf9\
\x9b\x00\xa9_\xe5\x99G\x9db2\xf9\xd4\x12#H\x5c\
\xe7\x91\x99a\x8b\xed5_\xf8i\x91K\xb4\xc7Z\xfd\
k\xfei`\x138w\x1c>\x82\x89\x12$\xbe\xf3H\
\xbbKwN\xea\xde\x17\x0fPo\x15\xb5L\x1b\x1dO\
\xe23\x17\xf4{\xba\x7f\xe1-T\x16\xf5\x80\xfdH\xe4\
\xdc\xd11\x82\xc4y\x1e\x99\xfeq\xc1c\xd0\xf9\xb2:\
\xf5v\xa9\xb2\x80\x93My\xb3\x12\x97\xdf\x01\x8fnf\
\xe0\xbd\xca\x95\xfbqy\x09\x9d;:J\x10\xdfx\xa9\
Y^\xc7\xa4\xfe\xe0\xe6\xeb\x9e\x0eK\xc1\xca\xa8\x89\xc2\
\xe2\x18\xd8^\xd0\xe9\xc7V\x01\x18V\x1a>r\x18p\
\xc4\xbc\xbe^L\xfe\x85L\xa2[\xac\xc3'\x8a\xca{\
\xec\xc7\x9a\x80y\x14pr\xb4T\x1e\x95{\x84\xeb\xaa\
\xefx\x84A\xa6c\x04i\xaf$\x9eu73>\x12\
\xc6\xe1Pm\x09\xf7\x89>me~\xe9*\x14j\x81\
\x1b\xb7/;M\x89ae\xf79\x8ea\x99\x08?\xac\
\xeb\xb6l\xa9\x8d\xc0}:\xb2aG\x09\xe2;c\xba\
\xd6\xe3\x00\x96F\xee\xc1\x5c\x82\x0c\x87A+\xf3\xeb\xbb\
s\x01\x15\xee\xff\xedk\xb2\xe0aU7\x01g\xb1\xfe\
\x84c\xd8\xef\x09\xe7\x99\xda\xd6\x1d'\xc8\x0cI\xfc\xac\
\xe7\x96\xda\xae\x1d\xf5[pSAomHc\xb6\x94\
x\xfb\xadV\xbb\x9f}\xa4\xe5\x15V\xa9J\xb0p\x1c\
\xefl\xc7\xb0+j\xbd\x0f\xaf-\x15\x04\x99!\xc9^\
\x05u \x8e\x8b\x80\x9fRH@lHk\xde\xad\xf0\
\xc3\x97\xac\x84\x9f\xb7J\x83\xb6JUj\x9e\xe3x\xbf\
\xcf1\xecS\x93\xed\xdd\xb1\xad\xa5\x86 3$\xe1D\
@!\xdcC\x8c\x0diNs\x9a\x08\x0e\x01\x8d\xb4\xd3\
\x81\x12V\x81qi@\x11\xa9f\x8ea\xa7f^\xa6\
\xc6\x91C\x88\x9aMk'H\xb2\xdco\xb0\xe1\x99b\
\xc2\x06\xd1\xa7oH{V\xf9`\xddQ\xdf\xca\xcf\xb2\
\xaeMy\xab\x88\xb1JE\xae\xdc9=d\xbc\xe4\x14\
m\xf9r\x1as\x1a\x0a\xde u\x04\x99YI\x1e\x03\
\x90\xd4\xe1\xecY\x08\xde\xe4\x15\x0b\x9b\xb3P\xc4'\xf8\
\xd0Fo\xd9.^\xd3l-\x87F\xfe\x8dP\x05%\
\x08\x02\xf9\xf2\xb8c\xd8\xb1|`\x0cd}\x96F\xa9\
$\x88\xef\xeb\xa0k\xddB@\x92e\xa2w\x10\xe3\x16\
\xb4\xbc\xcdY\xa9\x99(3\xf0\xc7\x92\xf5k\x02\xa2\xa0\
/g\xc2gUTv\x0a\xea\x1f\x03\xb76\x0c\xdb\xb7\
\x99\xba'\xb5\x04\xf1\x91*y\xd6\xf5\xcc\xf8r\xc2\xa8\
\xed\x03\xf1\xe6\x96\xa0[\xb2T\xa2Z\x06\xa3v\xa9e\
\x8d?\x0b\xa6\xe5q\xbf(9\xd2O\x22\xdcP\xd7\xed\
+e\xfc\x8fS6\xd5\x04io\xb7\x9a\xd6\x06\x10\xbe\
\x12'\x08\xb3\xe8\xf6\xeb\x95\xdc\x01\xa6-\xba\xf1\xfa\x96\
\x9d\xb4s\xb2\x03>\xc4fr1/\xee\xf7\xdcy\xcb\
@\xbc\x8c\x81O&r\xc68\xb27\x8c\x8dN\xd1\xf6\
\xcf7\xa9}RO\x906I\xbc\xca\x1a0\x7f\xbd\x83\
(\xbe\x04\xd0\x16\x16bK\xa3\xbf\xe6\xdf\x8e\xcc\xec3\
8Y\xbe\x904m\x19\xc0\xcb\x80D^\x86\x1c\x1b+\
\xa2\xb5\x8e^\xfdF\xda\x81\xcc\x04Af\xce$\xfe\xad\
\xc4\x11\xf5WwC\x0f\xd16&\xdc\xab\x81\xef\xaf\xeb\
\xb5\xa7CKw@\xa0\xe4\x95\xcf\x15\xa0\x0f\x12\xe3\x12\
\x00gu\xc0\x85\xc3M\x8e3\xb0\x22\x89\xdb\x80*\xfa\
\x99\x19\x82\xf8\x9dm\xdf'\xd1\xb4\x11\xd5I \x22\x03\
Ip \xf0K\x06\xffs\x81\x0a?\xdfm\x8c\xfd2\
\xb2.\x85\x82\xa7\xbbC\xe7\xb4\xb8\xf5~\x02\xfd\x194\
\x9c\x03\x86\xa9P}tU\x84\x075!V\xc4}\x8f\
<\xba\x83GKf\x8a \x87\xdc\x8f\xef\xfa\xae$\xb4\
\x84\x03\x00?\x09\xd0\x93\x1aal\xca\xe3\xea\x9e\x81\xda\
NI\xad\xc7\x15_4Q^\xdc\xa7SE0\x86\x00\
>\x1f\xa0\xf3\xc18)N\x9b\x91t'xM6\x92\
\x7f\xb3\x08e\x92 )\xdbr\x1d\x7f<\x08\xaf\x11s\
\x95\xa1\x8d\x81\xb8\xea\x13\x87\x99_\x01\x17&\x98\xbdI\
\x16\x85\x09\xd1\xafO\xb4\xd0\x9c\xd8\x87\xc1\x09_\xd9)\
h\x0c\x14P\x1c\xd0&\xbd\x01\xd2Z\x03Dz?\xc8\
\xffK'\xb6\x89\xc0T!\x88!&\xaa\x80q\x82\xca\
\x09\x11\x83\xaeLm\xa9\x8e\xec\x7ff\x09\x92\xca-W\
\x0c\xb3+\xd3*3\xb8\xa5\xea*\x82\xbc\xb9\xe5\xb2V\
B\xc3\x0aeuI2=+S\xe0\xbc\x9f\x0eT`\
Du)\x82N\xf4,\xd3+\xc8\xe1\x80\xb5\x8b\xf7h\
\xdaJ\xc5\x09\xb3;1&Y\xb7\xb9\x09B\x0c\xab,\
b\xd3I@\xba\x86 o\xac&\xed\xd2\x0b\xbcRe\
}\x92N\x0ePvl\xd3S\xd0h8\x8e\x12\x04\x9d\
\xc4\xa0\xeb\x08\x92o\xbb\x12\x9eN]\xb4\x9d:\x16r\
]K\x10\xbf\xb3\xfe\xb6\x8b\xb4\xc2\x95\x0c\xbe,\xe1i\
\xd3\x13\xe6\xfcd\x0a,Z\xd7w\xcbv\xaa\xe7\x08r\
\xa8\xc3~\x89j\x0d\xdae9Q\xd4\xf0\xd6'\x86\x80\
\xb8\xb9a\xd4\x9eQ\xa31\xbdZ\xbaz\x059\x12\xf6\
\x9c(r\x13\xb1\x97\x88q\x08\xa9\x9e\x22H\xbe\xa2D\
#H/\x12\xa3\xa7\x09r8Q\x08\xdar\x80\xfdZ\
\xec\xa9\xba\xea\x19m*+\x95\xda\x09\xd0V\x86\xd8\xdc\
\x0b[\xa9\xd9\x90\xeb\xc9\x15\xe4H0\x86x\xc88\xe0\
\xb6\x96\x11i\x17\xcf\x84\x81\x9f\xact\xaaeG\xd9\xfe\
vX?\x8b\xad'\x19\x85-c4\xe6f\xc7\xf5x\
<\xcd\x09r\x04\xae%.\x9f\x0c\x0f\xcb@\xda\xc5\xcc\
\xed;\x13F<\xd0\xa7F\xabKD[\xc0b+t\
l\xa9Sm\x7fj<K\x81#9A\x8e3\x08~\
\xa4\xacV\xc0\xc5D\xda\x05\xcc~\xa4\xac\xea2r\x1d\
\x9b\x01\xe3D\xf4$\xb3xT\xb4\xb05\xee\x88\xe3\x8e\
\xf5R\x81\xe1\x9c !@\x5c4Q\xbe@\xd3\xf0\x1e\
ht\x1e\x18>a\xe6\x85\x10\xefd\xd3\xd7Ax\x12\
\x82\x9f\x12\x02\x8f\xef\x19\xa8=\xdaIg\xb2d;'\
\x88\xc4h\xcd\x10\xe6\x02&z/\x81+\x00\x9d&\xa1\
N\xa1(\xbf\xcc\xa0*1?&\x04\x1e\xcd\x09\x11\x1d\
\xda\x9c \xd1\xb1;J\xd2\xcb\xd0P>\x00\x00\x00\xc0\
IDAT?\xbf\x88)\xcd\x02\x8b\x8a\x06\xb2\x98\xc8\
\x82\xe0\x0a\x08g(4\xf3\xa6*\xc6.hm\x22\xd8\
\x02l\x83\xb4\xaa\xd6'\xec\xfc\x1c\xa1\x0e\xed\x9c \xea\
\xb0\x9cU\x93\x9f\x88\xad\xe0\xc1\xea\xd3\xc4\xa9\xa2\x85\x05\
L\xbc@#m>\x03\x0b\x88y\x81\xff\x97\x99\x17\x90\
\xa6\xcd\xf7\x95\xb0\x10\xaf\x12\xd1A\x02\x0e\xf2\xcc_\xc1\
\xe2Ub:\xa8\x15ppJh{[:\xec<\xd1\
]\xfc\x83\x97\x13$~\x8cs\x0b\x19F 'H\x86\
\x07/w=~\x04r\x82\xc4\x8fqn!\xc3\x08\xe4\
\x04\xc9\xf0\xe0\xe5\xae\xc7\x8f@N\x90\xf81\xce-d\
\x18\x81\x9c \x19\x1e\xbc\xdc\xf5\xf8\x11\xc8\x09\x12?\xc6\
\xb9\x85\x0c#\x90\x13$\xc3\x83\x97\xbb\x1e?\x02\xff\x1f\
\xb1\xeeW\x8c\x84\xcb\xb2\xbd\x00\x00\x00\x00IEND\
\xaeB`\x82\
"

qt_resource_name = b"\
\x00\x09\
\x05\xaaxC\
\x00r\
\x00u\x00n\x00s\x00t\x00a\x00t\x00u\x00s\
\x00\x02\
\x00\x00\x04\x8a\
\x00E\
\x00:\
\x00\x05\
\x00Gey\
\x00C\
\x00A\x00N\x00p\x00y\
\x00\x08\
\x02\xaf\xb4\x07\
P\x5c\
kb\x00 ~\xa2\x00.\x00p\x00n\x00g\
\x00\x06\
\x03DQg\
\x001\
\x001\x00.\x00j\x00p\x00g\
\x00\x06\
\x05\x9b\x5cg\
T/\
R\xa8\x00.\x00p\x00n\x00g\
"

qt_resource_struct = b"\
\x00\x00\x00\x00\x00\x02\x00\x00\x00\x01\x00\x00\x00\x01\
\x00\x00\x00\x00\x00\x00\x00\x00\
\x00\x00\x00\x00\x00\x02\x00\x00\x00\x01\x00\x00\x00\x02\
\x00\x00\x00\x00\x00\x00\x00\x00\
\x00\x00\x00\x18\x00\x02\x00\x00\x00\x01\x00\x00\x00\x03\
\x00\x00\x00\x00\x00\x00\x00\x00\
\x00\x00\x00\x22\x00\x02\x00\x00\x00\x03\x00\x00\x00\x04\
\x00\x00\x00\x00\x00\x00\x00\x00\
\x00\x00\x002\x00\x00\x00\x00\x00\x01\x00\x00\x00\x00\
\x00\x00\x01v$\x93\x93`\
\x00\x00\x00H\x00\x00\x00\x00\x00\x01\x00\x00#\x86\
\x00\x00\x01\x9dh\x15\xe8\xa5\
\x00\x00\x00Z\x00\x00\x00\x00\x00\x01\x00\x00\xbe\xb3\
\x00\x00\x01v$\x93\xd9\xb0\
"

def qInitResources():
    QtCore.qRegisterResourceData(0x03, qt_resource_struct, qt_resource_name, qt_resource_data)

def qCleanupResources():
    QtCore.qUnregisterResourceData(0x03, qt_resource_struct, qt_resource_name, qt_resource_data)

qInitResources()
